MISSING_0,id,timestamp,derived_0,derived_1,derived_2,derived_3,derived_4,fundamental_0,fundamental_1,fundamental_2,fundamental_3,fundamental_5,fundamental_6,fundamental_7,fundamental_8,fundamental_9,fundamental_10,fundamental_11,fundamental_12,fundamental_13,fundamental_14,fundamental_15,fundamental_16,fundamental_17,fundamental_18,fundamental_19,fundamental_20,fundamental_21,fundamental_22,fundamental_23,fundamental_24,fundamental_25,fundamental_26,fundamental_27,fundamental_28,fundamental_29,fundamental_30,fundamental_31,fundamental_32,fundamental_33,fundamental_34,fundamental_35,fundamental_36,fundamental_37,fundamental_38,fundamental_39,fundamental_40,fundamental_41,fundamental_42,fundamental_43,fundamental_44,fundamental_45,fundamental_46,fundamental_47,fundamental_48,fundamental_49,fundamental_50,fundamental_51,fundamental_52,fundamental_53,fundamental_54,fundamental_55,fundamental_56,fundamental_57,fundamental_58,fundamental_59,fundamental_60,fundamental_61,fundamental_62,fundamental_63,technical_0,technical_1,technical_2,technical_3,technical_5,technical_6,technical_7,technical_9,technical_10,technical_11,technical_12,technical_13,technical_14,technical_16,technical_17,technical_18,technical_19,technical_20,technical_21,technical_22,technical_24,technical_25,technical_27,technical_28,technical_29,technical_30,technical_31,technical_32,technical_33,technical_34,technical_35,technical_36,technical_37,technical_38,technical_39,technical_40,technical_41,technical_42,technical_43,technical_44,y
0,10,0.000000,0.370326,-0.006316,0.222831,-0.213030,0.729277,-0.335633,0.113292,1.621238,-0.179404,,-0.072108,0.249187,0.024401,-0.127942,,1.412742,-0.029575,1.265246,-0.055747,1.592256,-0.285275,-0.212888,0.404180,0.116903,0.197590,-0.197455,-0.195023,-0.059886,-0.021199,-0.013555,-0.236371,-0.253357,0.575562,0.283947,-0.006208,0.616351,-0.034578,0.732652,-0.002432,-0.092508,-0.072185,0.447296,-0.194318,0.264373,0.018763,,-0.145278,-0.108547,0.148189,-0.226942,0.262864,-0.252933,-0.113265,0.180559,-0.033812,0.042951,-0.068031,0.208402,-0.082743,1.061059,1.120801,-0.228200,-0.119987,-0.131929,-0.145985,-0.155989,,0.037680,,,-2.000000,,,-2.000000,-0.273957,,-2.000000,-2.000000,,0.001652,-2.000000,,-2.000000,,0.652981,0.000000,-0.142453,0.000000,,,1.427469,,-2.000000,0.000000,,,,0.000000,0.937880,0.775208,,,,-0.414776,,,-2.000000,,-0.011753
1,11,0.000000,0.014765,-0.038064,-0.017425,0.320652,-0.034134,0.004413,0.114285,-0.210185,0.216281,0.096750,0.082042,-0.224383,-0.085529,0.024763,-0.062337,-0.202247,1.746692,-0.187505,-0.034664,-0.135177,0.305562,0.027595,-0.208746,0.118520,-0.123511,0.113818,,-0.115837,0.028282,0.076565,-0.217346,0.100054,0.358808,0.057505,0.025719,-0.141339,2.293476,0.024945,0.388208,-0.240927,-0.126232,-0.131619,0.232268,-0.001455,-0.489863,0.017317,0.027321,0.334183,0.113513,0.111536,-0.179379,0.221287,-0.091886,,0.107982,0.548687,-0.160079,-0.281368,0.063933,-0.235643,-0.205083,-0.194349,-0.365186,0.041928,-0.044907,-0.039079,-0.075000,-0.280418,,,-2.000000,,,-2.000000,-0.159432,,0.000000,-2.000000,,0.004317,0.000000,,-2.000000,,-0.399520,0.000000,-0.309356,-0.500000,,,0.154613,,0.000000,0.000000,,,,0.500000,0.232154,0.025590,,,,-0.273607,,,-2.000000,,-0.001240
2,12,0.000000,-0.010622,-0.050577,3.379575,-0.157525,-0.068550,-0.155937,1.219439,-0.764516,,,-0.051418,-0.258330,-0.122140,-0.121041,-0.058287,-0.899515,-0.022131,-0.079002,-0.031116,-0.100603,-0.341474,-0.007522,0.077977,-0.149581,0.036946,0.166182,,0.172751,0.961091,1.028205,-0.165369,0.056006,,0.249530,-0.156078,,0.019192,0.053364,-0.020247,,0.064028,-0.249106,-0.106216,-0.085509,0.383589,,-0.074021,-0.054295,-0.746073,-0.057605,-0.126238,0.462523,0.060902,,-0.262892,-0.059395,0.562975,-0.026392,0.013430,-0.627150,-0.470362,-0.101865,0.436794,-0.057049,-0.120851,-0.061941,-0.600019,0.138357,,,-2.000000,,,-2.000000,-0.227811,,-2.000000,-2.000000,,0.000000,-2.000000,,-2.000000,,-0.496284,0.006942,0.122841,-0.500000,,,0.378332,,-2.000000,0.000000,,,,-0.500000,0.372688,0.151881,,,,-0.175710,,,-2.000000,,-0.020940
3,25,0.000000,,,,,,0.178495,,-0.007262,-0.097903,,,-0.093677,-0.026951,,-0.049881,0.019866,0.009357,0.229889,0.018161,0.050572,0.168919,-0.444931,-0.310245,0.500396,-0.033734,0.050415,0.382963,-0.098141,,-0.216800,,,0.093820,0.201814,-0.281830,0.102403,0.000135,-0.114420,-0.074283,-0.025606,-0.091642,0.111643,,0.044685,-0.062502,0.017218,0.026417,-0.011987,0.048912,0.016901,0.178791,-0.252578,-0.079752,-0.050742,0.104402,0.010337,-0.043253,0.085835,,0.004252,-0.013892,,-0.029218,0.051761,-0.023116,,0.133936,,,,0.000000,,,-2.000000,-0.106334,,,-2.000000,,0.000000,-2.000000,,0.000000,,0.990627,0.006766,0.812678,0.000000,,,1.023713,,-2.000000,0.000000,,,,-0.500000,0.751021,1.035937,,,,-0.211506,,,-2.000000,,-0.015959
4,26,0.000000,0.176693,-0.025284,-0.057680,0.015100,0.180894,0.139445,-0.125687,-0.018707,0.196391,,-0.163880,-0.019844,-0.035681,0.112920,0.104239,-0.167811,-0.025993,-0.228427,0.139590,-0.075597,-0.141695,-0.033661,0.021833,3.211807,0.328052,-0.129948,-0.132339,0.037320,0.064364,-0.140153,-0.146839,-0.116609,-0.215639,2.448706,-0.227971,-0.226776,-0.048719,3.832646,-0.019201,0.892271,-0.168253,0.175862,-0.497473,-0.079921,0.312864,0.199953,0.195922,-0.062684,0.559864,-0.364465,-0.102695,-0.008203,-0.203123,0.081703,0.119803,-0.024087,0.344606,0.082511,0.104331,-0.189731,-0.038700,-0.068893,0.280597,-0.097308,-0.065520,-0.023443,0.257147,0.459500,,,-2.000000,,,0.000000,0.000000,,0.000000,-2.000000,,0.000000,-2.000000,,-2.000000,,-0.086685,0.006236,-0.411145,-0.500000,,,0.741545,,0.000000,0.000000,,,,0.500000,0.595206,0.630232,,,,-0.001957,,,0.000000,,-0.007338
5,27,0.000000,0.346856,0.166239,-6.080701,-0.992249,-0.125916,0.345812,,-0.584239,,,-0.792344,0.041820,0.122523,-0.894696,5.240080,-0.738751,0.075778,-0.124905,0.226234,-0.040753,-0.383354,-6.435785,-0.975559,-0.286637,-0.085439,0.878182,0.040509,0.003752,0.365000,,-0.228102,,,-0.308100,0.371920,,-0.022953,0.171892,0.062413,0.056738,-0.165592,-0.129062,-1.110748,0.177815,-0.155923,-1.095681,-0.875397,0.271409,-0.154761,0.071404,0.152256,,-0.152817,0.029874,-0.204875,-0.053367,-0.062681,-0.409104,-0.099256,-0.168523,-0.150346,-0.213487,-0.114730,0.187922,0.283415,,-0.116235,,,,-2.000000,,,-2.000000,-0.273672,,-2.000000,-2.000000,,0.000000,-2.000000,,-2.000000,,0.497153,0.010000,0.945295,0.500000,,,-0.226858,,-2.000000,0.000000,,,,-0.500000,-0.399737,-0.379366,,,,-0.001957,,,-2.000000,,0.031425
6,31,0.000000,0.072036,0.014931,,0.014063,,-0.193205,,,,,,-0.079616,,,-0.069895,,0.000317,,,,,0.285467,0.103369,0.739578,0.087214,0.492000,,,,0.121707,,0.462170,,,,,-0.013776,0.246563,,,0.052435,,,,0.214214,0.323710,0.307721,,,-0.110593,,,0.027822,,,,-0.009399,0.112208,,,,,-0.035278,0.154271,,,0.878553,-0.163273,,,-2.000000,,,-2.000000,0.030630,,0.000000,-2.000000,,0.000000,0.000000,,0.000000,,1.322452,0.006601,1.029902,0.500000,,,0.999959,,-2.000000,0.000000,,,,0.000000,1.426882,1.232558,,,,0.350685,,,-2.000000,,-0.032895
7,38,0.000000,0.300062,0.071251,-0.074451,-0.065292,-0.011286,0.026365,0.210249,0.167494,-0.026538,,-0.037625,-0.124418,-0.079277,0.058089,-0.024971,0.234401,-0.007899,0.290076,-0.054526,0.088009,0.067165,0.135395,0.142201,-0.245129,-0.025868,-0.063870,0.173483,-0.171364,-0.112740,0.282534,0.239828,0.382348,0.403502,-0.054447,-0.009396,0.299425,0.065514,-0.229913,0.000810,-0.094090,0.059645,-0.106168,-0.063501,-0.037333,-0.044198,-0.047273,-0.037163,-0.076565,-0.141277,0.008609,-0.040705,-0.027465,0.088484,-0.029947,-0.156503,0.029473,-0.071839,0.084249,-0.260292,0.151967,0.095223,0.100965,-0.152015,-0.043309,-0.094104,0.037732,0.023622,,,,-2.000000,,,-2.000000,-0.193730,,-2.000000,-2.000000,,0.000000,-2.000000,,-2.000000,,0.877263,0.007909,0.360425,-0.500000,,,0.557380,,-2.000000,0.000000,,,,-0.500000,0.436858,0.242646,,,,-0.168077,,,-2.000000,,0.015803
8,39,0.000000,-0.003511,-0.034270,0.082372,-0.023937,-0.025750,0.007815,0.263451,-0.241212,0.123558,,0.005966,-0.208343,-0.036409,0.108148,-0.030183,-0.276749,-0.030012,0.034412,-0.055106,-0.083095,0.174897,0.054907,-0.054193,-0.043261,-0.043867,0.025455,0.009384,-0.124080,-0.040159,0.297866,-0.088120,0.183535,0.282655,0.363694,-0.019157,0.173581,0.111733,-0.052816,0.002708,-0.055731,0.007935,-0.153660,0.050586,-0.070264,-0.044686,-0.005625,-0.000935,-0.110315,-0.021346,0.027582,-0.124473,0.161656,0.039487,-0.013691,-0.033245,0.009584,-0.028705,-0.146988,-0.082262,-0.269660,-0.208257,-0.063779,-0.070307,-0.138561,-0.175341,0.013716,-0.112246,-0.021246,,,-2.000000,,,-2.000000,-0.087328,,0.000000,-2.000000,,0.004096,-2.000000,,0.000000,,0.030487,0.000000,0.126976,-0.500000,,,-0.042036,,0.000000,0.000000,,,,0.000000,0.062130,0.186175,,,,-0.300842,,,-2.000000,,-0.027593
9,40,0.000000,-0.083330,0.081935,-2.048438,-0.206856,-0.839563,-0.234100,-0.291853,-5.722336,,-0.063797,-0.029881,-0.069669,0.018173,-0.160984,-0.023891,-5.867212,-0.029188,0.070397,0.007739,0.223243,-0.518809,,-0.238744,0.064236,0.241871,0.057091,-0.022325,0.845426,0.183855,-0.087253,0.074461,-0.133633,,-0.237129,-0.031697,,-0.020223,-0.064796,-0.004352,,0.093290,-0.111493,0.003799,0.137750,0.141751,,-0.030879,-0.101424,-0.990731,-0.273620,0.025979,-0.233233,-0.030691,0.103651,0.250868,-0.114068,0.339349,-0.451146,0.584052,-3.952087,-3.406342,0.176750,0.197250,-0.132835,-0.149071,0.334073,-0.071433,,,,0.000000,,,-2.000000,-0.157409,,-2.000000,0.000000,,0.002519,-2.000000,,0.000000,,0.189864,0.000000,0.284443,-0.500000,,,-0.536084,,-2.000000,0.000000,,,,-0.500000,0.359428,-0.021965,,,,-0.386579,,,-2.000000,,0.006662
10,41,0.000000,0.435826,1.797289,0.363570,-0.005651,0.442866,0.125375,,0.292311,-0.004605,-0.106757,-0.027164,0.026383,-0.070223,-0.139617,-0.032495,0.229513,-0.031200,0.072209,-0.004281,0.129873,0.143922,,-0.655573,-0.088062,0.122414,-0.029455,0.373262,0.046580,-0.015748,,0.400268,,0.089697,-0.227665,-0.140473,0.078655,-0.015893,-0.317993,-0.014141,0.046851,0.000538,-0.032313,-0.576768,-0.027727,0.068783,-0.099944,-0.109926,-0.111672,-0.039881,-0.147698,0.006999,,-0.032814,-0.049186,-0.139337,-0.008899,-0.015031,0.145000,-0.120025,0.190897,0.231599,0.136688,-0.037215,-0.141250,-0.169436,,-0.166064,,,,-2.000000,,,-2.000000,-0.172374,,-2.000000,-2.000000,,0.003656,-2.000000,,-2.000000,,0.311775,0.000000,0.335617,-0.500000,,,0.735975,,-2.000000,0.000000,,,,-0.500000,0.235409,0.346018,,,,-0.301422,,,-2.000000,,-0.001899
11,43,0.000000,,,,,,-0.285388,,-0.193590,0.326849,,,-0.036159,-0.091387,,0.100333,-0.251961,-0.029748,-0.225465,-0.033648,-0.139293,-0.035728,0.809094,-0.212938,1.068525,0.064060,0.432727,,0.547745,,-0.165916,,,-0.224942,1.664753,-0.013278,-0.180924,-0.028099,-0.009234,-0.002342,0.457485,-0.124938,-0.249073,,-0.048041,0.037163,0.238952,0.113843,0.026114,1.929780,-0.086186,-0.195771,0.268658,-0.136678,,1.422560,-0.026276,0.065099,-0.382585,,-0.239243,-0.160257,,0.311220,-0.129430,-0.162907,,-0.171438,,,,-2.000000,,,-2.000000,0.596347,,,-2.000000,,0.000000,,,-2.000000,,0.877458,0.007407,1.227877,0.500000,,,0.218949,,,0.000000,,,,-0.500000,-0.219081,-0.040148,,,,0.101199,,,-2.000000,,0.050219
12,44,0.000000,0.034991,-0.019258,0.055769,-0.084496,0.259828,0.198800,0.265104,-0.160462,-0.204550,,0.139812,-0.233021,-0.070649,-0.052019,-0.036584,-0.170303,-0.023876,0.688715,-0.003843,0.043675,-0.120805,0.048312,-0.187614,0.286396,-0.048839,0.095273,0.101484,-0.129184,-0.087684,0.156851,-0.232434,0.190625,0.208057,0.085095,-0.030039,0.164082,-0.045618,-0.001187,-0.004615,-0.026832,-0.244452,0.546752,0.319303,2.183034,-0.005848,-0.075574,-0.081311,-0.099629,0.211419,0.032823,0.394966,-0.180787,-0.250441,-0.006005,0.132872,0.007164,-0.015191,-0.265263,0.136503,-0.203401,-0.163331,-0.221195,-0.028786,-0.106306,-0.162845,-0.089372,-0.454939,-0.232780,,,-2.000000,,,-2.000000,-0.123340,,0.000000,-2.000000,,0.001425,0.000000,,-2.000000,,0.388195,0.000000,-0.050216,0.000000,,,-0.031406,,0.000000,0.000000,,,,0.500000,-0.096880,-0.180152,,,,-0.050797,,,-2.000000,,-0.018991
13,49,0.000000,,0.212615,-0.979520,,,0.395701,,-0.780873,,1.082565,,0.404988,-0.102585,,0.200967,-1.344551,,-0.234538,0.220189,-0.130508,0.021871,-6.133667,-1.361710,2.237368,,1.429739,,0.003874,,,,,,7.681490,0.002946,,,1.230506,,-0.251860,-0.347101,-0.235494,,-0.079089,,0.143584,0.288192,0.984564,1.226981,0.259121,-0.070913,,-0.439347,,1.340990,,,-0.284636,1.152565,-0.434304,-0.330392,,,0.510914,0.617124,,-0.419045,,,,0.000000,,,0.000000,1.217279,,,0.000000,,0.000000,,,0.000000,,-1.563042,0.000000,0.160501,0.500000,,,-1.181902,,,0.024503,,,,0.000000,-1.044677,-1.240628,,,,0.869520,,,0.000000,,-0.005203
14,54,0.000000,0.071704,-0.044019,,0.038046,,0.331778,-0.021114,,,,0.041406,0.143908,,,0.038877,,0.012683,,,,,-0.052827,0.335587,-0.250145,0.595259,-0.064052,,,,0.042821,0.365628,-0.082868,,,,,-0.053799,-0.208150,,,-0.199397,,0.200218,,0.436329,-0.026882,-0.322153,,,-0.646132,,,-0.234528,,,,0.261993,0.293734,,,,0.296808,-0.184241,0.053181,,0.062864,-0.138148,0.037693,,,-2.000000,,,-2.000000,-0.009684,,-2.000000,-2.000000,,0.002884,-2.000000,,-2.000000,,0.496519,0.000000,0.481282,0.000000,,,0.062210,,-2.000000,0.000000,,,,0.500000,0.046781,-0.038273,,,,0.033972,,,-2.000000,,-0.006369
15,59,0.000000,0.116360,0.164506,0.156510,-0.129252,1.310059,-0.264846,,0.370725,-0.174942,-0.081184,,0.433242,-0.007359,-0.079748,,0.300227,-0.022698,0.195041,-0.067114,0.499529,-0.152407,-0.222010,0.396166,0.143228,0.142432,0.469091,0.447846,0.275015,0.025082,-0.077339,,,,0.184655,0.187780,-0.059577,-0.073538,0.051395,0.017569,0.075027,-0.396434,-0.054221,,-0.045758,,,-0.094660,-0.092673,0.593799,-0.168799,-0.110236,-0.151923,-0.388155,-0.038956,0.180210,-0.001152,-0.024485,-0.197018,0.238769,0.225257,0.272174,,0.028203,-0.108371,-0.086962,,,,,,0.000000,,,0.000000,-0.045825,,0.000000,0.000000,,0.000000,0.000000,,0.000000,,0.314277,0.000000,2.151584,0.500000,,,-1.535012,,0.000000,0.012122,,,,0.000000,-1.023615,-1.333862,,,,0.324992,,,-2.000000,,0.017768
16,60,0.000000,0.026824,-0.024105,-0.028991,0.433277,-0.006366,0.295138,,-0.285946,0.821074,0.624390,,-0.289081,0.092357,0.942827,-0.044248,-0.318735,0.731218,-0.038261,0.189818,-0.172114,0.772552,-0.037242,-0.277471,0.251053,-0.110260,0.247507,-0.046886,-0.091928,0.336479,0.282368,,0.188328,0.544543,0.273956,-0.015974,0.707813,1.122654,0.081073,0.148486,-0.225342,-0.174025,0.305472,,0.042075,-0.434557,0.046078,-0.014694,0.561861,0.020323,0.097569,0.265377,0.956234,-0.157599,-0.069279,0.077166,0.478172,-0.152436,-0.369441,0.067194,-0.345086,-0.269283,,-0.305343,0.650156,-0.105789,,-0.121511,-0.182625,,,0.000000,,,0.000000,-0.075487,,0.000000,0.000000,,0.000000,0.000000,,0.000000,,0.506473,0.007072,0.381311,0.000000,,,-0.049612,,0.000000,0.000000,,,,0.500000,-0.035454,0.194472,,,,0.123208,,,0.000000,,-0.001089
17,62,0.000000,0.367122,0.675543,-0.008483,-0.367778,-0.015529,0.129848,,-0.251624,0.399571,0.511657,,-0.200741,0.042822,1.615170,-0.032399,-0.275745,0.075964,-0.177626,-0.001791,-0.156585,-0.055818,0.732996,-0.183919,0.384524,-0.089947,0.330182,-0.113464,-0.051273,-0.068939,0.033802,,0.221395,-0.114987,0.215486,0.774375,-0.036823,0.027645,0.804284,0.310251,0.253352,-0.096476,-0.075716,,-0.024301,-0.000952,0.202497,0.190417,1.820371,0.307193,0.076156,-0.147086,0.670229,-0.065330,0.055916,0.294291,-0.012128,0.035897,-0.308845,0.327255,-0.303366,-0.239935,,0.276448,0.589015,0.104359,,0.188242,,,,-2.000000,,,-2.000000,-0.260294,,0.000000,-2.000000,,0.000000,-2.000000,,-2.000000,,-0.181769,0.000000,-0.263050,0.000000,,,0.285381,,-2.000000,0.001446,,,,0.500000,1.419382,1.054758,,,,-0.272290,,,-2.000000,,-0.008794
18,63,0.000000,0.453271,-0.036301,0.094657,-0.521106,0.049715,-0.352013,,-0.182694,-0.094012,,,0.233900,-0.049203,-0.467209,,-0.365961,-0.030235,-0.258836,1.468947,-0.061185,0.043770,,-1.164981,5.997267,0.896554,0.149220,,1.209928,-0.153408,,,,-0.355540,5.454960,-1.292762,-0.341361,-0.095350,1.231023,-0.026654,1.519798,-1.450014,0.482232,,0.057930,0.318969,0.276663,0.364021,0.035290,3.989436,-0.963734,0.332209,,-0.780272,,1.329919,-0.035335,0.556431,-1.041903,1.313131,-0.223698,0.099371,,0.602618,-0.125167,-0.090434,,,,,,-2.000000,,,-2.000000,0.029784,,0.000000,-2.000000,,0.000000,-2.000000,,-2.000000,,1.043109,0.000000,-0.880096,0.500000,,,0.319387,,0.000000,0.000027,,,,0.500000,-0.542244,-0.298014,,,,0.083350,,,0.000000,,0.040724
19,68,0.000000,-0.122734,0.038939,0.148015,2.493512,0.009746,-0.063111,,-0.162878,-0.106530,0.007457,,-0.073714,-0.101843,0.186194,0.185574,-0.152604,0.057572,0.054144,-0.069302,-0.042540,0.168159,-0.451861,-0.158591,0.845675,-0.087460,0.469091,,0.117853,0.176754,-0.108225,,0.335793,,-0.154321,-0.069187,-0.068562,0.226407,0.061446,-0.015447,-0.115665,0.050431,-0.222319,,-0.082222,,0.069536,0.019971,-0.008323,-0.200320,0.073535,-0.150097,-0.081860,0.115228,,0.337350,-0.007356,-0.107262,0.022948,0.411366,-0.133801,-0.130509,,-0.172988,0.039561,-0.048334,,-0.218182,0.238019,,,0.000000,,,-2.000000,0.397430,,0.000000,-2.000000,,0.000000,-2.000000,,-2.000000,,1.714537,0.000000,3.447410,0.500000,,,0.604549,,0.000000,0.000538,,,,0.500000,-0.708552,-0.138343,,,,0.316991,,,-2.000000,,-0.003921
20,69,0.000000,-0.062361,-0.063724,0.021274,0.032845,0.174025,0.122335,-0.133188,-0.108286,-0.153669,,-0.020160,0.079790,0.076943,-0.216868,-0.017848,-0.260291,-0.031290,-0.175539,0.171084,0.031051,-0.318727,-0.116338,0.216733,-0.524779,0.402327,-0.194545,-0.286214,-0.137563,0.156718,0.068921,2.969236,-0.162689,-0.286115,-0.725514,-0.262718,-0.292844,-0.019525,-1.136782,-0.012352,0.259499,0.279167,-0.192926,-0.034019,-0.028776,0.247783,-0.292102,-0.226921,-0.101653,-0.158022,-0.442759,0.003249,0.137978,0.082058,0.568209,-0.137230,-0.032565,0.315797,0.270671,-0.209804,0.161552,0.419661,0.462971,0.280763,-0.140266,-0.156768,0.190036,-0.030614,-0.145646,,,0.000000,,,0.000000,-0.320488,,0.000000,0.000000,,0.002257,0.000000,,-2.000000,,-0.325300,0.000000,-0.132855,-0.500000,,,-0.418267,,0.000000,0.000000,,,,-0.500000,-0.494075,-0.390892,,,,-0.438359,,,0.000000,,-0.011317
21,70,0.000000,0.175489,-0.024445,-0.034079,-0.020533,0.282478,-0.069417,0.247840,0.303953,-0.149155,-0.091394,-0.072108,-0.077137,0.265771,-0.096517,-0.031732,0.309253,-0.027284,0.311358,-0.050340,0.342978,-0.220308,0.001163,0.185892,-0.063064,0.054146,0.012598,-0.094592,-0.086024,-0.193946,0.194704,-0.123879,0.036272,0.299887,-0.074933,-0.064728,0.066060,-0.045246,0.014298,-0.008257,-0.033575,-0.214319,0.000681,-0.111077,0.089227,0.067236,,-0.092616,-0.109900,0.228335,-0.075735,-0.016976,-0.158427,-0.222710,0.067927,0.088154,-0.001121,-0.073597,0.124344,0.060501,0.234239,0.216018,-0.028039,-0.233553,-0.127905,-0.148375,-0.042008,-0.193244,0.001992,,,-2.000000,,,-2.000000,-0.158987,,-2.000000,-2.000000,,0.000000,-2.000000,,-2.000000,,0.339670,0.008450,0.488079,-0.500000,,,0.445955,,-2.000000,0.000000,,,,-0.500000,0.566825,0.385615,,,,-0.226077,,,-2.000000,,0.044167
22,76,0.000000,-0.190705,0.006221,-0.056835,0.063464,-0.149507,0.267959,-0.392849,0.080084,0.085074,,-0.072108,0.075384,0.143613,-0.518425,-0.047866,-0.119085,-0.029385,-0.187382,0.356368,-0.011604,-0.202987,-0.279490,-0.177879,0.858829,0.404221,-0.137091,-0.223689,0.384349,-0.122537,-0.192361,0.071634,-0.332352,-0.207170,0.919349,0.025866,-0.197959,-0.064608,1.601748,-0.002460,0.504129,-0.396834,0.125797,-0.194318,-0.061151,0.266179,0.392264,0.355471,-0.100983,1.104902,-0.444756,0.129868,-0.138192,-0.358424,0.217973,0.240435,-0.029211,0.226961,0.034901,0.156078,-0.028701,0.183551,0.319846,0.229139,-0.122867,-0.117624,0.623463,0.122373,0.281692,,,-2.000000,,,-2.000000,0.000000,,0.000000,-2.000000,,0.004251,-2.000000,,-2.000000,,0.122589,0.000000,-0.213223,-0.500000,,,0.598918,,-2.000000,0.000000,,,,0.500000,0.690594,0.557415,,,,-0.001957,,,-2.000000,,0.001395
23,79,0.000000,0.008503,0.048732,0.123793,0.266366,-0.009772,-0.248937,,-0.157415,0.260707,0.317448,,0.035113,-0.011361,0.088476,0.047446,-0.061843,,-0.153327,0.014314,-0.124468,0.681594,-0.242679,-0.059311,0.123533,,0.306675,-0.330731,-0.039632,0.937113,-0.142812,,1.108713,,2.168757,0.074288,-0.050696,,1.428472,,-0.251860,0.058739,-0.105641,,-0.007777,,-0.193321,-0.123519,0.457792,0.017659,0.198431,-0.115499,0.316251,0.228037,0.308055,0.072132,,,0.031497,0.081010,-0.091278,-0.152368,,,0.615545,0.341066,,-0.453078,0.387323,,,0.000000,,,0.000000,0.253489,,0.000000,0.000000,,0.000000,0.000000,,0.000000,,0.878519,0.000000,1.805145,0.500000,,,-0.170481,,0.000000,0.001014,,,,0.500000,-0.282823,-0.483414,,,,0.162016,,,0.000000,,-0.012101
24,80,0.000000,0.043156,0.540945,0.278394,0.563343,-0.144004,-0.024376,,-0.337090,-0.219896,0.515293,,-0.224501,-0.052916,-0.156119,0.022153,-0.393531,2.988230,0.042735,0.122508,-0.131278,0.448048,,-0.349033,0.227404,-0.108095,0.444727,-0.294882,0.168772,-0.168063,-0.188994,,-0.555224,-0.186901,-0.257523,-0.071864,-0.213661,1.249059,-0.009008,-0.282145,-0.248354,-0.243070,-0.093321,,-0.051615,-0.513151,,-0.015182,-0.034495,0.174679,0.095286,0.264189,-0.155649,-0.246532,0.202243,0.150563,0.117858,-0.165980,-0.330041,0.096116,-0.299071,-0.240323,,-0.371420,0.048292,-0.125897,,0.071433,,,,-2.000000,,,0.000000,0.151797,,-2.000000,-2.000000,,0.000000,0.000000,,0.000000,,0.307411,0.000000,-0.086217,0.500000,,,0.575432,,-2.000000,0.003050,,,,0.000000,0.318970,0.944896,,,,0.248784,,,0.000000,,-0.070837
25,82,0.000000,0.086832,-0.022962,,0.006783,,0.071911,0.112818,,,,0.061225,-0.046145,,,-0.058368,,-0.027882,,,,,0.031300,0.055487,-0.061951,5.274699,0.089455,,,,0.045739,-0.153612,0.210456,,,,,-0.044840,-0.034230,,,1.531640,,0.284618,,0.664388,0.013114,0.032059,,,-5.578818,,,-0.055620,,,,4.454698,0.014012,,,,-0.124460,0.520863,-0.073858,,-0.071309,0.221058,-0.228348,,,-2.000000,,,-2.000000,-0.192368,,0.000000,-2.000000,,0.000000,-2.000000,,-2.000000,,0.046805,0.008571,-0.339365,-0.500000,,,1.050805,,-2.000000,0.000000,,,,0.500000,0.306408,0.481192,,,,-0.146671,,,-2.000000,,-0.001766
26,83,0.000000,-0.082307,-0.039761,0.102000,-0.798021,0.149622,0.028448,0.062647,0.044143,0.089116,,0.051539,-0.207000,-0.086381,-0.153889,-0.061990,0.082722,0.007018,-0.027481,-0.033588,-0.026054,-0.260629,-0.115382,-0.172924,0.319847,-0.034142,0.093662,,0.027172,0.007125,0.063888,-0.192388,0.113662,0.383577,0.408284,-0.218996,0.047428,-0.038330,0.459712,-0.060412,-0.047191,-0.212943,-0.132506,0.152376,-0.109452,0.105313,-0.012950,0.033178,-0.080853,0.683174,0.017331,-0.106694,-0.123058,-0.215418,,0.371644,0.025875,0.067847,-0.143870,0.401054,0.038615,0.011947,-0.149940,-0.097996,-0.003915,-0.034846,-0.002191,-0.057146,-0.131892,,,-2.000000,,,-2.000000,-0.068889,,0.000000,-2.000000,,0.000000,0.000000,,-2.000000,,-0.224552,0.000000,-0.375130,0.000000,,,-0.088041,,0.000000,0.004632,,,,0.000000,-0.244399,-0.188652,,,,-0.130034,,,0.000000,,-0.012542
27,85,0.000000,0.005351,-0.031086,0.078334,0.417328,-0.020146,0.390538,0.256594,-0.167223,0.473686,-0.001229,0.070749,-0.200420,-0.044869,-0.307838,0.403560,-0.152353,0.286173,-0.010838,-0.008712,-0.142076,0.527012,0.239411,-0.143435,0.389955,-0.107156,0.102909,0.611129,-0.094690,0.337787,0.114489,-0.243218,0.169555,,0.448604,-0.030220,0.463157,0.450396,0.179915,-0.005194,-0.221470,-0.168046,-0.017505,,-0.067625,,0.013104,0.022160,0.177251,0.046121,0.094296,-0.053128,0.505722,-0.152275,-0.072185,0.084007,0.443541,,-0.206494,0.100537,-0.212615,-0.184406,-0.240384,,0.147280,-0.102905,-0.126004,-0.100618,-0.202470,,,-2.000000,,,-2.000000,-0.128485,,0.000000,-2.000000,,0.000000,0.000000,,-2.000000,,-0.191238,0.012955,-0.325604,0.000000,,,0.160340,,-2.000000,0.000000,,,,0.500000,0.415504,0.631326,,,,0.030506,,,0.000000,,0.029697
28,87,0.000000,0.045536,0.054391,0.330190,-0.816961,0.012602,-0.036462,-0.115197,-0.237428,0.287765,0.102742,0.427892,-0.151814,-0.087059,-0.627798,0.008344,-0.217513,2.838970,-0.095897,0.029658,-0.147820,0.256189,1.034758,-0.293744,2.901823,-0.172949,1.105455,0.594818,0.418016,0.134761,-0.180110,-0.265774,0.737649,-0.008052,1.483927,0.006096,0.089168,-1.043074,0.888773,0.090194,-0.228279,-0.358841,0.122447,0.033201,-0.060277,-0.488029,0.451501,0.555196,1.494000,1.650015,0.163650,-0.052606,0.080983,-0.413120,-0.062021,0.454192,0.147115,-0.162703,-0.323478,0.433747,-0.259613,-0.232032,-0.280518,-0.352379,1.051468,0.198930,-0.165640,0.440012,0.024520,,,0.000000,,,-2.000000,0.518804,,-2.000000,0.000000,,0.000000,-2.000000,,0.000000,,-0.874754,0.000000,-0.788168,0.500000,,,-0.864889,,-2.000000,0.026302,,,,0.500000,1.765689,0.807108,,,,1.558775,,,0.000000,,0.030815
29,90,0.000000,-0.003925,-0.037522,,-0.028244,,-0.049041,0.084827,,,,0.048115,0.043544,,,-0.057699,,-0.013843,,,,,0.022194,0.225332,0.373251,-0.004656,-0.050390,,,,0.062326,-0.053979,0.172112,,,,,0.051819,-0.039199,,,0.081585,,0.118237,,-0.150761,-0.019662,-0.006942,,,-0.013751,,,0.102066,,,,-0.126066,0.087207,,,,0.029065,-0.347668,-0.133890,,-0.025243,0.035716,-0.163292,,,-2.000000,,,-2.000000,-0.237472,,0.000000,-2.000000,,0.000000,-2.000000,,-2.000000,,-0.179532,0.005712,-0.459393,-0.500000,,,0.027850,,-2.000000,0.000000,,,,0.000000,0.120685,-0.125728,,,,-0.161715,,,-2.000000,,-0.016336
30,91,0.000000,-0.019409,-0.060192,-0.044959,0.100994,-0.056158,-0.161525,-0.175685,0.422399,0.564602,,-0.025244,0.213280,-0.030929,-0.006277,-0.050760,0.088625,-0.031418,-0.227371,0.614628,-0.038275,0.029988,0.007959,0.094837,0.270255,0.496659,-0.228364,-0.294668,-0.096171,-0.008612,-0.109559,0.008832,-0.110419,-0.124225,0.029377,-0.080998,-0.113726,-0.065233,,-0.006094,0.409143,-0.430455,0.405596,0.006401,-0.012474,0.233281,-0.046818,-0.033244,-0.104125,0.031533,-0.542197,0.160278,0.151398,-0.371820,0.454159,0.028592,-0.024692,0.215065,0.050813,0.005764,0.070800,0.357797,0.208099,0.265909,-0.140305,-0.155323,0.123199,0.000000,-0.225659,,,-2.000000,,,-2.000000,-0.317327,,-2.000000,-2.000000,,0.003171,-2.000000,,-2.000000,,0.233134,0.000000,-0.324421,-0.500000,,,0.130899,,-2.000000,0.000000,,,,-0.500000,0.151197,0.178743,,,,-0.341526,,,-2.000000,,0.041231
31,93,0.000000,-3.749532,,,0.494489,-0.140246,0.385298,,-65.772800,,,,7.371159,-0.105789,,1.768360,-287.438170,0.549737,-0.051328,0.111044,0.815971,-0.779432,-21.618303,-106.316880,-0.061951,-0.307762,0.457786,,0.513817,,,,,,18.578476,1.118958,,-1.975793,7.512219,304.040770,-0.162726,-2.954947,-0.289198,,-0.082878,-0.462044,-15.893666,-12.791334,0.001660,2.381965,0.305759,0.103441,,-8.314091,,1.665055,-5648.897000,-0.163667,-1.432288,,1.349166,0.139882,,-0.365541,0.066233,1.146836,,-0.380383,,,,0.000000,,,-2.000000,0.538408,,,0.000000,,0.000000,0.000000,,0.000000,,-0.918706,0.000000,3.495095,0.500000,,,-1.945089,,0.000000,0.023338,,,,0.000000,-1.293544,-1.494247,,,,0.194523,,,-2.000000,,-0.086094
32,95,0.000000,-0.617146,,,-0.002167,-0.371226,0.191912,,-0.132016,0.228871,-0.132393,-0.617755,0.188499,-0.041410,,0.198441,-0.183105,-0.031515,-0.224573,0.873504,-0.113933,-0.132506,-0.528764,-0.337898,0.271431,0.062862,0.761558,-0.291945,-0.035953,,,-0.046615,,-0.233869,4.562650,-0.017779,-0.209444,-0.104271,11.649905,-0.002589,0.146997,-0.492871,0.277208,,-0.061133,-0.130480,0.204004,0.518751,-0.110142,0.340022,-0.084923,0.319307,,-0.496532,0.523188,0.115293,-0.018867,-0.061785,-0.388787,,-0.077418,-0.029653,0.109440,-0.020329,-0.144507,-0.174548,1.493161,0.174543,,,,0.000000,,,0.000000,0.095420,,,0.000000,,0.000000,0.000000,,-2.000000,,-0.410407,0.000000,-0.211127,0.500000,,,-0.474261,,,0.003763,,,,0.500000,-0.176701,-0.238603,,,,0.119345,,,0.000000,,-0.019769
33,98,0.000000,-0.133519,-0.041592,-0.034156,-0.339931,-0.010094,-0.056451,0.083210,0.088931,0.083752,,-0.005441,-0.127079,0.040275,-0.032327,0.033044,0.063826,-0.030115,-0.006287,0.018756,-0.007771,0.293071,-0.171687,-0.084276,-0.010560,0.060357,0.024935,-0.210492,-0.109481,-0.055930,0.036420,-0.166604,0.031742,0.129785,-0.095563,-0.080333,0.074260,0.006299,-0.034746,-0.010625,0.066057,0.033883,0.001310,0.071149,0.015552,0.138208,-0.343326,-0.271824,-0.106449,-0.105228,-0.082282,0.001214,-0.059014,0.020593,0.068059,-0.086730,-0.009452,0.118360,-0.085888,-0.119871,0.020626,0.048198,-0.151777,0.145866,-0.134458,-0.165696,-0.051648,-0.334298,-0.157866,,,-2.000000,,,-2.000000,-0.178591,,0.000000,-2.000000,,0.004109,-2.000000,,0.000000,,0.345524,0.000000,0.360028,-0.500000,,,0.272773,,-2.000000,0.000000,,,,-0.500000,-0.008832,0.250526,,,,-0.182370,,,-2.000000,,-0.019097
34,102,0.000000,-0.782310,,,2.794461,-0.004370,-0.268478,,-0.634304,,8.842123,,-0.253009,-0.136998,,0.150813,-0.828291,0.135160,-0.264811,0.501150,-0.178689,-3.011470,,-1.140444,,-0.114364,0.032727,0.127865,14.607331,,,,,,1.449860,0.301134,,-0.324687,2.570581,0.079987,,-0.622882,-0.058726,,-0.109604,0.026564,1.050660,-0.160724,1.328704,0.975793,0.101895,-0.039280,,-0.738547,0.197861,10.540155,-0.066839,0.043209,-0.725268,,-0.681353,-0.475781,,0.236435,0.982766,0.119895,,0.462842,,,,0.000000,,,0.000000,0.295023,,,0.000000,,0.000000,0.000000,,0.000000,,-0.802273,0.000000,-1.370994,0.500000,,,0.883848,,0.000000,0.015130,,,,0.000000,1.089384,1.409547,,,,0.206800,,,0.000000,,-0.042154
35,103,0.000000,-0.284988,-0.045495,,-0.089114,,-0.036610,-0.147583,,,,-0.000108,0.061215,,,-0.031936,,-0.015123,,,,,-0.230659,0.001205,0.252526,0.532790,-0.090987,,,,-0.080018,-0.053781,-0.211655,,,,,-0.036079,2.021286,,,0.165723,,0.062394,,0.387057,-0.112803,-0.119726,,,-0.580283,,,-0.015298,,,,0.268024,0.078267,,,,0.096689,-0.157711,-0.078723,,0.108202,-0.210383,-0.136766,,,-2.000000,,,-2.000000,-0.104946,,-2.000000,-2.000000,,0.002479,-2.000000,,-2.000000,,0.954799,0.000000,0.221637,0.000000,,,1.139115,,-2.000000,0.000000,,,,-0.500000,0.373850,0.284522,,,,-0.166968,,,-2.000000,,0.015426
36,105,0.000000,0.036915,,,0.372404,0.004589,-0.065926,,-0.300079,0.022826,0.231804,,-0.176023,-0.071127,,0.011783,-0.331289,21.310936,-0.054301,0.205072,-0.149094,0.489114,0.304723,-0.268282,0.661456,-0.143288,1.033140,0.101725,-0.091649,,-0.119720,,,,0.525774,-0.040305,-0.051073,-2.344992,0.166684,0.968007,-0.249958,-0.270879,0.647946,,-0.072028,,-0.650118,-0.448350,1.994895,0.658980,0.132551,0.261107,0.201810,-0.282988,-0.052935,0.696815,2.667977,,-0.335305,,-0.341562,-0.271576,,,0.715873,0.042214,,-1.042856,,,,0.000000,,,0.000000,-0.021361,,0.000000,0.000000,,0.000000,0.000000,,0.000000,,-1.733477,0.005808,-0.744435,0.500000,,,-1.138822,,0.000000,0.000000,,,,0.000000,-0.382178,-0.821810,,,,-0.040479,,,0.000000,,-0.026304
37,111,0.000000,,,,,,-0.112058,,-0.588427,,,,0.066940,-0.058670,,0.144064,-0.687586,0.048060,-0.284917,1.725663,-0.169397,-0.364512,,-1.120918,,-0.056404,0.287273,0.253545,1.667729,,,,,,22.049614,1.029330,,-0.178137,8.109243,0.183455,,-0.665781,0.224072,,-0.053593,-0.248363,0.116249,-0.127560,1.035519,6.110557,0.040798,0.137223,,-0.663675,-0.012623,4.875286,-0.051401,-0.054990,-1.121120,,-0.529254,-0.396251,,0.076786,0.227504,0.145433,,-0.228567,,,,-2.000000,,,0.000000,-0.004035,,,0.000000,,0.000000,0.000000,,-2.000000,,-0.416368,0.000000,0.335866,0.500000,,,-0.285855,,,0.000036,,,,0.500000,-0.225481,0.022264,,,,0.296254,,,0.000000,,-0.015709
38,112,0.000000,-0.305676,0.088666,0.023319,0.000416,0.094665,0.043228,-0.199927,0.009655,0.194060,,0.039003,0.077594,-0.057409,-1.408089,0.082139,-0.047815,-0.026770,-0.178074,0.042725,-0.066546,0.235952,-0.512075,-0.172634,1.482825,0.088233,0.039273,-0.314398,0.269632,0.098200,-0.201700,-0.186019,-0.126388,-0.125770,1.184345,-0.491517,-0.133326,0.005698,1.266220,-0.058889,0.182483,0.092621,-0.081088,0.004837,-0.019836,-0.023571,-0.055318,-0.059610,-0.075828,1.183568,-0.111667,-0.109683,-0.076388,0.059854,0.547475,0.280529,-0.014970,0.024854,-0.188435,0.248412,-0.057046,0.003907,-0.138608,0.086607,-0.120624,-0.136844,0.012111,-0.232495,0.542052,,,-2.000000,,,-2.000000,-0.211052,,0.000000,-2.000000,,0.000000,-2.000000,,0.000000,,0.207581,0.007381,-0.222617,-0.500000,,,0.315996,,0.000000,0.000000,,,,0.000000,-0.146828,-0.044440,,,,-0.224689,,,-2.000000,,-0.002253
39,113,0.000000,0.111681,-0.012380,,-0.017960,,,-0.268615,,,,-0.000997,0.352463,,,,,-0.024753,,,,,0.311400,0.177079,0.188037,0.328554,,,,,-0.125677,0.226963,0.289212,,,,,-0.007819,0.189308,,,0.378186,,0.017049,,0.008391,,,,,-0.364993,,,0.131168,,,,0.103144,,,,,0.596230,0.381626,-0.087274,,0.284868,,0.162938,,,-2.000000,,,0.000000,-0.343257,,0.000000,-2.000000,,0.004635,-2.000000,,-2.000000,,0.214919,0.000000,-0.283752,-0.500000,,,0.078516,,-2.000000,0.000000,,,,0.000000,0.309038,0.197711,,,,-0.476363,,,-2.000000,,-0.011964
40,118,0.000000,-0.048108,0.036918,0.182193,0.387648,-0.064894,-0.060405,,-0.380110,-0.354767,0.735779,,-0.207030,0.052209,0.247142,2.219719,-0.455482,,0.089910,0.183809,-0.128041,0.241943,-0.569984,-0.395225,0.472243,,0.417818,-0.297004,0.071773,0.067475,-0.290187,,-0.765976,,0.097598,0.080406,-0.371429,,0.424076,,-0.251860,-0.280348,0.394951,,-0.065892,,-0.289690,0.051388,0.166265,-0.262917,0.112198,0.480275,-0.282150,-0.294981,0.343272,0.161745,,,-0.376291,0.217402,-0.405516,-0.307439,,,0.348415,-0.051179,,-0.428596,0.367156,,,0.000000,,,-2.000000,0.110670,,0.000000,0.000000,,0.000000,0.000000,,0.000000,,0.192326,0.014432,0.428507,0.500000,,,-0.130473,,0.000000,0.000000,,,,0.500000,-0.047242,0.694535,,,,0.347044,,,0.000000,,-0.041490
41,119,0.000000,-0.112125,,,,0.198686,0.198317,,0.655362,0.086623,,,0.639048,-0.132760,,0.030769,0.126245,-0.025643,-0.149645,0.109422,0.202833,-0.254281,0.224027,0.010598,0.732980,0.756410,0.064753,-0.223364,0.344448,,-0.214030,,,-0.175681,0.821460,0.226570,-0.140085,-0.038122,-0.122597,0.000641,0.394379,0.209422,-0.068185,,0.191780,0.199194,-1.191750,-0.968847,0.013185,1.147027,-0.816005,-0.016010,-0.161090,-0.033315,0.231027,0.749475,-0.027281,0.226563,-0.032342,,0.220388,0.738588,,0.448360,-0.090526,0.063825,,-0.947885,,,,,,,,-0.356689,,,,,0.002937,,,,,-0.552371,0.000000,-0.309423,0.000000,,,-0.444579,,,0.000000,,,,-0.500000,-0.092912,-0.317997,,,,-0.001957,,,,,0.016232
42,121,0.000000,-0.114067,-0.043352,-3.895325,0.033047,-0.115536,-0.233114,0.232494,0.148828,-0.028128,-0.022491,-0.072108,-0.022474,-0.086511,-0.138479,0.212874,0.206224,-0.026690,0.225435,-0.058608,0.079978,-0.017289,0.119569,0.231055,-0.049654,-0.021847,-0.076364,0.223057,0.006943,0.576839,0.147089,0.155639,0.080321,0.221531,-0.149122,0.020658,0.222688,0.112718,-0.207593,0.004425,-0.113603,0.133207,-0.159771,-0.094291,-0.000295,-0.182917,,-0.071201,-0.101074,-0.213447,0.004371,-0.074955,0.022148,0.167598,-0.029728,-0.238906,0.007160,-0.067706,0.106470,-0.052984,0.153736,0.099492,-0.067261,-0.059067,-0.128642,-0.162685,-0.072878,-0.542865,-0.262270,,,-2.000000,,,0.000000,-0.088400,,-2.000000,0.000000,,0.004488,-2.000000,,-2.000000,,0.080100,0.000000,-0.254712,-0.500000,,,0.275363,,-2.000000,0.000000,,,,-0.500000,0.359063,-0.088586,,,,-0.190403,,,-2.000000,,-0.020027
43,124,0.000000,0.015018,-0.020747,-0.008085,4.638178,0.108220,-0.251149,0.143526,0.032697,-0.188951,-0.115077,-0.011825,-0.066992,-0.012131,-0.036499,-0.018674,0.115871,0.044859,0.610917,-0.040158,0.201730,-0.061145,-0.005617,0.111197,0.059597,-0.083206,-0.049741,-0.075350,-0.136050,0.056726,0.120484,0.029536,0.025210,0.241890,0.100653,-0.273941,0.169118,0.059379,-0.121698,-0.107972,-0.164131,-0.133205,0.141436,-0.089968,0.107896,-0.306087,0.002160,0.000293,-0.014793,0.010656,0.069050,0.143255,-0.126949,-0.112548,0.036979,-0.091800,0.049564,-0.120210,0.074416,-0.180655,0.059071,-0.003868,-0.025258,-0.224971,0.003273,-0.065801,-0.023953,0.142865,-0.017778,,,-2.000000,,,-2.000000,-0.317032,,0.000000,-2.000000,,0.000000,-2.000000,,-2.000000,,0.400767,0.006011,0.345179,-0.500000,,,0.453899,,0.000000,0.000000,,,,-0.500000,-0.027659,0.294915,,,,-0.369680,,,-2.000000,,-0.003844
44,126,0.000000,0.104743,-0.012360,-0.053021,-0.102720,0.037412,0.065444,0.140385,-0.052247,-0.093736,,-0.072108,-0.180256,-0.090351,-0.299658,-0.056677,-0.031301,-0.001705,0.314684,-0.013834,0.019003,-0.160249,0.598062,-0.107895,-0.043457,-0.055252,0.131948,,-0.101201,-0.210062,0.117859,-0.167931,-0.156945,0.248665,-0.029319,-0.128988,0.187284,0.062446,-0.025675,-0.032682,-0.135758,-0.062768,-0.170350,-0.109185,-0.056691,-0.121801,-0.013634,-0.003521,-0.066961,-0.059935,0.039583,0.122196,-0.108752,-0.042349,,-0.009030,0.009203,-0.018338,-0.132471,-0.079508,0.074589,0.029902,-0.132834,-0.016498,-0.034058,-0.112981,-0.021154,0.071433,0.073236,,,-2.000000,,,0.000000,-0.205608,,0.000000,0.000000,,0.000000,0.000000,,-2.000000,,0.543787,0.012676,0.119508,0.000000,,,0.497286,,0.000000,0.000000,,,,0.500000,-0.276291,-0.318984,,,,-0.079320,,,0.000000,,-0.024898
45,128,0.000000,0.015427,0.026229,0.267441,0.469720,0.054342,-0.039283,0.082777,-0.070660,0.103015,,0.261225,-0.032912,-0.095722,-0.028297,-0.038200,0.065854,0.382765,0.007306,0.477925,-0.072599,-0.047473,-0.004421,0.016841,0.159051,-0.184646,0.237427,-0.220321,0.024110,0.325947,-0.027593,-0.240599,0.847037,0.043078,0.485106,0.215766,0.115437,-0.210631,0.685928,0.304850,-0.150544,-0.427002,0.798917,-0.058000,0.443745,-0.333408,-0.072976,-0.065929,0.893924,0.136776,0.175980,0.911968,0.157459,-0.516197,0.169247,0.173209,0.150503,-0.122643,-0.018066,0.220180,0.054011,-0.065848,-0.235725,-0.183795,0.784277,0.412584,-0.141942,-0.582877,0.140894,,,-2.000000,,,0.000000,-0.184755,,0.000000,0.000000,,0.000000,0.000000,,-2.000000,,-0.416740,0.000000,-0.788087,0.500000,,,-0.034915,,0.000000,0.009021,,,,-0.500000,0.719248,0.153561,,,,-0.261802,,,0.000000,,-0.013219
46,129,0.000000,,,,,,0.363078,,-0.785266,,,,-0.054197,-0.113247,,0.033573,-1.071240,0.140531,-0.257910,4.042777,-0.161345,-0.497016,,-1.198605,3.093173,-0.137142,1.619814,,113238.130000,,,,,,0.764277,0.131343,,-0.342379,0.640604,0.020845,,-1.176225,0.796886,,-0.080992,,-0.132654,-0.194858,1.370283,4.073596,0.125905,1.274961,,-1.499590,,72623.960000,-0.052859,-0.009752,-1.454085,,-0.688987,-0.475393,,0.174735,0.831982,0.520983,,-0.174942,,,,0.000000,,,0.000000,1.217279,,,0.000000,,0.000000,,,0.000000,,0.543620,0.000000,1.019096,0.500000,,,-1.107847,,,0.011117,,,,0.500000,-0.914722,-1.009169,,,,0.550177,,,0.000000,,0.066793
47,130,0.000000,-0.064624,-0.055133,-0.049597,-0.074330,0.016910,-0.111232,0.001447,-0.069914,0.174156,,-0.072108,-0.121263,-0.065731,-0.170806,-0.015131,-0.071120,-0.030097,-0.042744,0.000030,-0.087172,0.209561,0.006341,-0.130664,0.049339,-0.017973,0.035273,-0.314062,-0.129387,0.334635,-0.025262,-0.195337,-0.054987,0.068646,-0.016854,-0.022170,0.101595,0.024859,0.022737,-0.002662,-0.018001,-0.068354,-0.116768,-0.132572,-0.023799,-0.080501,0.049828,0.054564,-0.107004,0.013718,0.000287,-0.057714,0.073897,-0.057515,0.565970,0.019549,-0.003250,-0.056336,-0.180353,-0.004242,-0.093246,-0.075295,-0.155188,-0.045325,-0.137295,-0.173150,-0.034558,-0.051438,-0.227157,,,-2.000000,,,-2.000000,-0.201110,,0.000000,-2.000000,,0.003624,0.000000,,-2.000000,,0.195815,0.000000,-0.016549,-0.500000,,,0.476624,,0.000000,0.000000,,,,-0.500000,0.370561,0.434104,,,,-0.319397,,,-2.000000,,-0.002048
48,132,0.000000,-0.338433,,,-0.632523,-0.268020,0.072379,,-0.143699,0.282366,,,-0.196917,-0.077557,,-0.034178,-0.088829,1.682722,-0.021306,0.027886,-0.122774,0.297879,48.294167,-0.346264,1.782950,-0.143102,1.002805,-0.253273,0.518381,,-0.219410,,,0.434300,0.497109,0.794256,0.246431,0.482889,1.389938,1.268797,-0.236843,-0.203257,0.089955,,-0.090543,-0.476139,0.244582,0.376206,0.080628,0.963231,0.132188,0.006057,-0.185490,-0.189804,0.135158,1.085344,0.140718,-0.159071,-0.309449,,-0.150204,-0.160815,,-0.349201,0.458093,0.056465,,0.240000,,,,-2.000000,,,0.000000,0.353755,,,0.000000,,0.000000,0.000000,,0.000000,,-0.433602,0.000000,0.134099,0.500000,,,-0.475637,,0.000000,0.003413,,,,0.500000,-0.326345,-0.202116,,,,0.598593,,,0.000000,,0.000455
49,140,0.000000,0.043434,0.085150,0.236654,0.293202,-0.075185,-0.064685,0.226611,-0.025338,0.095387,0.426482,-0.072108,-0.138601,0.001097,0.467084,-0.010712,0.115032,,0.149400,-0.036950,-0.054111,0.665503,3.505844,-0.048917,0.169693,,0.202545,-0.281996,0.132667,0.809032,0.118168,0.376521,-0.201341,,-0.132131,-0.317203,0.327052,,-0.403026,-0.818569,-0.251860,0.197897,-0.193561,-0.194318,-0.020938,,-0.039922,0.082253,0.104129,0.093053,0.156569,-0.035954,0.086733,0.382043,0.041512,0.064028,0.560688,,-0.009635,0.117806,0.133454,-0.008585,-0.189868,,0.495303,0.150651,-0.096381,0.077140,,,,0.000000,,,0.000000,0.250626,,-2.000000,0.000000,,0.000000,0.000000,,0.000000,,1.891111,0.007660,1.465814,0.500000,,,1.104889,,-2.000000,0.000000,,,,0.000000,-0.032272,-0.149381,,,,0.118533,,,0.000000,,-0.023536
50,141,0.000000,-0.282728,0.002169,,-0.091743,,0.278817,-0.355279,,,,-0.044330,0.990234,,,0.383274,,0.005296,,,,,-0.344367,-0.084955,-0.061951,0.306808,-0.090338,,,,-0.257912,0.335906,-0.652001,,,,,0.011204,-0.065116,,,0.900109,,0.177727,,-0.026743,-1.029082,-0.649766,,,-0.342071,,,0.581927,,,,-0.069947,-0.067994,,,,0.637373,-0.288392,-0.083277,,0.695486,-0.899990,0.257686,,,-2.000000,,,-2.000000,-0.250994,,-2.000000,-2.000000,,0.000000,-2.000000,,-2.000000,,-0.207090,0.000000,-1.243087,0.000000,,,-0.077623,,-2.000000,0.000419,,,,0.000000,-0.029590,0.007292,,,,-0.070572,,,-2.000000,,0.003179
51,142,0.000000,-0.432073,0.056144,0.216702,0.070980,-0.282599,0.517494,-0.111080,-0.263418,0.314384,,-0.072108,-0.115544,-0.090196,0.622605,0.091295,-0.300716,-0.002711,-0.213197,1.077685,-0.155819,-0.056713,6.943432,-0.254126,0.567994,-0.060510,0.298338,-0.315314,0.674429,0.633695,-0.156950,-0.245684,0.164174,-0.190914,0.175986,-0.110550,-0.157084,-0.142101,0.031660,-0.036388,0.021872,-0.384906,0.466675,,-0.071962,-0.215998,0.367878,0.470133,0.147154,0.722771,0.045126,0.516203,0.383242,-0.415691,0.839718,0.232446,-0.013977,-0.077467,-0.050698,0.293490,-0.259232,-0.205033,-0.244772,-0.036434,-0.041375,-0.123817,-0.098248,-0.019771,0.634403,,,0.000000,,,0.000000,0.176354,,-2.000000,0.000000,,0.000000,0.000000,,0.000000,,0.748669,0.006451,0.290873,0.000000,,,-0.062448,,0.000000,0.000000,,,,0.000000,0.438864,0.011349,,,,-0.434533,,,0.000000,,0.031295
52,152,0.000000,0.136003,-0.039547,0.000948,0.031967,-0.818858,-0.034665,-0.035798,0.607477,-0.021934,,-0.431082,0.205281,0.161763,-0.109939,0.015921,0.264613,-0.014920,-0.130719,0.158324,0.299646,-0.255214,0.085549,0.430492,-0.065117,0.406203,-0.160364,-0.277252,0.457597,-0.200393,0.045766,1.506716,-0.027501,-0.058899,0.040599,0.352780,-0.178705,-0.046809,-0.772796,0.008444,0.188547,-0.106279,0.086194,-0.126134,-0.024686,0.223912,-0.050296,0.000589,-0.090087,0.437389,-0.446846,0.064079,-0.066963,-0.168961,0.460289,0.320393,-0.021234,0.195243,0.354873,0.252481,0.380652,0.689495,0.418150,0.000526,-0.062156,0.227293,0.080217,0.206193,-0.025368,,,-2.000000,,,-2.000000,0.000000,,-2.000000,0.000000,,0.000000,-2.000000,,-2.000000,,-0.201602,0.006274,-0.338199,-0.500000,,,0.154562,,-2.000000,0.000000,,,,-0.500000,0.117079,0.129128,,,,-0.476155,,,-2.000000,,-0.003281
53,154,0.000000,-0.192042,0.016189,,1.159227,0.465073,0.055695,-0.287902,,,,-0.072108,1.268579,0.179165,-0.191226,0.841182,,1.304400,-0.082902,-0.104901,1.270941,-0.562398,-0.483223,-0.149821,-0.178015,-1.770602,0.023948,,-0.033026,,-0.277060,-0.087442,-0.411591,,-0.413959,0.602483,,0.098795,-0.018162,0.023441,,0.504431,-0.306122,-0.785220,0.143164,,-4.042632,-3.419445,0.388917,-0.010740,1.847766,-0.232726,-0.289448,-0.762759,,0.116093,,,-0.237701,0.121438,,,0.027484,,0.636528,8.645626,0.191812,-0.332648,0.365456,,,-2.000000,,,-2.000000,-0.097886,,-2.000000,-2.000000,,0.003492,-2.000000,,-2.000000,,0.865285,0.000000,-0.391743,0.000000,,,0.752089,,-2.000000,0.000000,,,,0.000000,0.658923,0.340096,,,,-0.214141,,,-2.000000,,-0.001410
54,156,0.000000,0.349171,-0.004185,0.010280,-0.177116,0.930116,-0.211008,,0.749362,-0.214188,,,0.192074,0.391162,-0.112305,-0.033477,0.363913,-0.030355,0.488007,-0.093025,1.032795,-0.222176,0.880823,0.536654,0.230292,0.434624,0.055636,0.327569,-0.032794,0.130227,0.078404,,0.047727,0.029819,0.624922,-0.027551,0.025115,-0.116908,0.114226,-0.004568,0.256011,-1.159622,-0.051912,,-0.039287,0.215795,,-0.082067,-0.109727,0.483105,-0.476804,-0.163460,-0.208961,-0.866366,-0.026451,0.163258,-0.012171,0.080415,0.602478,0.135060,0.193694,0.465048,,0.029051,-0.132975,-0.136181,,0.000000,0.068485,,,0.000000,,,0.000000,0.160658,,-2.000000,0.000000,,0.004197,0.000000,,0.000000,,0.034090,0.000000,0.045443,0.500000,,,-0.372407,,0.000000,0.000000,,,,0.000000,0.212677,-0.538393,,,,0.400570,,,0.000000,,-0.008950
55,160,0.000000,0.077835,-0.002772,0.146265,-0.163319,0.571043,0.250709,0.251688,1.434901,0.302709,-0.135752,0.077892,-0.203376,0.373802,-0.117952,-0.068127,1.980440,-0.007319,1.141577,-0.091818,0.276665,-0.043046,0.204933,-0.167346,0.321382,-0.064018,0.340727,0.086211,0.031540,0.350479,0.086295,-0.236476,0.346716,4.251427,0.053075,0.019831,2.856771,0.025121,-0.032671,0.019576,-0.224614,-0.161013,0.023904,0.253091,0.200944,-0.129263,0.047683,0.064618,-0.092269,0.562345,0.048824,-0.092843,-0.241793,-0.150756,-0.009971,0.547702,0.376825,-0.038156,-0.215999,0.607132,1.305549,0.840548,-0.267550,-0.103436,-0.077127,-0.139330,-0.155362,0.000000,-0.110426,,,-2.000000,,,0.000000,-0.331875,,0.000000,-2.000000,,0.003780,-2.000000,,-2.000000,,-0.070766,0.000000,-0.092613,-0.500000,,,0.456613,,-2.000000,0.000000,,,,0.500000,1.287536,0.913270,,,,-0.283871,,,-2.000000,,-0.012627
56,169,0.000000,0.002502,-0.034253,,0.052943,,0.193870,-0.068065,,,,0.027892,0.041174,,,-0.071942,,-0.016817,,,,,-0.113997,0.041639,-0.047863,0.356183,-0.013299,,,,-0.023600,-0.076169,-0.005149,,,,,-0.006334,0.029750,,,0.499552,,0.001095,,0.311702,-0.038616,-0.029017,,,-0.394118,,,0.261861,,,,0.110885,0.131907,,,,0.056853,-0.266595,-0.112027,,0.055514,-0.022658,0.161766,,,-2.000000,,,-2.000000,-0.178533,,0.000000,-2.000000,,0.000000,-2.000000,,-2.000000,,-0.178571,0.008545,-0.306288,-0.500000,,,0.128973,,-2.000000,0.000000,,,,0.500000,0.294025,0.367772,,,,-0.168173,,,-2.000000,,-0.025521
57,171,0.000000,-0.306412,0.276879,-0.003224,-0.259048,-0.038012,0.190344,,-0.215459,0.223752,0.294105,-0.055533,-0.308672,-0.026831,0.308424,-0.061967,-0.220314,0.115362,-0.057343,0.206347,-0.137339,0.574600,,-0.506560,-0.217933,-0.100940,0.055351,0.068609,-0.050302,-0.027794,,-0.140891,,1.113384,-0.762136,0.073420,0.117994,-0.201608,0.014564,0.076271,-0.146036,-0.337267,0.634156,-0.085711,-0.043943,0.054261,0.016415,0.023035,-0.026500,0.067393,0.087743,0.257176,,-0.365937,-0.057682,-0.166596,0.025933,0.072482,-0.206223,-0.168603,-0.256947,-0.212752,-0.058310,-0.183158,0.152163,-0.077624,,-0.071433,,,,-2.000000,,,-2.000000,-0.243229,,0.000000,0.000000,,0.000000,-2.000000,,-2.000000,,-0.205095,0.006080,-0.231862,-0.500000,,,0.152233,,-2.000000,0.000000,,,,0.500000,0.273984,0.017634,,,,-0.440799,,,-2.000000,,0.001391
58,172,0.000000,-0.004949,-0.007771,0.030899,0.321001,-0.025873,0.075102,,-0.152697,0.477272,0.040673,,-0.152675,-0.074066,0.415131,0.105391,-0.105862,,-0.028849,0.071367,-0.139327,0.144187,-0.012335,-0.082450,0.339587,,0.302208,-0.204544,-0.069780,0.258691,0.082836,,0.400608,,0.218411,0.210417,0.416317,,0.044687,,-0.251860,-0.095759,0.256851,,0.023465,,-0.275929,-0.222306,1.907125,0.108635,0.128547,0.075714,0.646501,-0.045045,0.096830,0.197575,,,-0.157613,0.160027,-0.177142,-0.174966,,,0.539023,0.023186,,-0.369231,-0.238720,,,-2.000000,,,0.000000,0.144880,,0.000000,0.000000,,0.000000,-2.000000,,-2.000000,,0.418613,0.010325,1.253584,0.500000,,,-0.029196,,0.000000,0.000000,,,,0.000000,-0.345742,-0.474611,,,,0.009726,,,0.000000,,-0.009441
59,175,0.000000,0.186271,0.168714,0.070312,0.997489,-0.022155,0.499704,,-0.282871,-0.116212,0.810207,,-0.167409,-0.104515,0.269923,0.025192,-0.318737,0.075396,-0.044915,-0.009582,-0.117325,0.061609,173.666380,0.127675,0.421617,-0.093306,0.495819,-0.332519,0.010201,0.139311,0.377977,,0.538759,-0.165474,-0.238015,0.066182,-0.164428,0.059636,0.139459,0.048455,-0.054814,-0.145129,-0.195489,,-0.094958,-0.237095,0.279795,0.256372,0.140836,0.209105,0.079697,-0.074958,0.739809,-0.124851,1.446490,0.165139,-0.010147,-0.083126,-0.375205,0.200178,-0.253727,-0.208957,,-0.094493,0.164757,-0.036489,,0.408187,1.278494,,,0.000000,,,0.000000,0.125605,,0.000000,0.000000,,0.000000,0.000000,,0.000000,,-0.513075,0.000000,0.240558,0.500000,,,0.645458,,0.000000,0.004475,,,,0.000000,1.192663,1.748063,,,,0.429662,,,0.000000,,-0.055467
60,176,0.000000,-0.076112,,,,0.237648,-0.248075,,-0.240989,0.112009,,,-0.128953,-0.008320,,-0.046378,-0.278533,-0.024636,-0.173245,1.462352,-0.135047,-0.053980,0.152335,-0.214310,0.502777,-0.054741,0.590182,1.124963,0.068059,,-0.122681,,,-0.161460,0.811910,-0.013098,-0.163676,-0.445825,0.782714,0.010374,-0.013890,-0.784081,1.560049,,-0.082757,-0.246209,0.179112,0.220086,-0.091270,0.713624,0.039045,1.137836,0.163349,-0.862155,-0.063516,0.460643,0.022969,-0.087966,-0.417259,,-0.252769,-0.194819,,-0.143948,-0.127141,-0.166744,,0.128567,,,,0.000000,,,0.000000,0.144614,,,0.000000,,0.004566,0.000000,,0.000000,,0.532253,0.000000,-0.658701,0.000000,,,0.178727,,0.000000,0.000000,,,,-0.500000,0.867016,0.337251,,,,-0.271172,,,0.000000,,-0.000314
61,178,0.000000,0.036120,-0.029266,,1.875293,,-0.423055,0.267274,,,,-0.004311,0.062966,,,,,0.023064,,,,,-0.014923,0.386136,0.344351,-0.058246,,,,,0.152646,0.751530,0.238301,,,,,-0.195379,-0.509330,,,-0.556994,,0.081911,,,-0.608366,-0.544582,,,0.042739,,,-0.617296,,,,,0.248896,,,,-0.072094,,-0.069251,,-0.095106,,-0.235527,,,-2.000000,,,0.000000,0.074710,,0.000000,-2.000000,,0.000000,-2.000000,,-2.000000,,-0.402723,0.000000,-0.474672,0.000000,,,-0.451064,,0.000000,0.002845,,,,0.000000,0.317169,0.196354,,,,0.091622,,,0.000000,,-0.034040
62,184,0.000000,0.026065,-0.011865,0.093082,3.720620,-0.346799,0.009614,0.294401,0.066057,-0.014350,-0.095578,0.012999,-0.105824,-0.046397,-0.168598,-0.068227,0.163488,0.010349,0.222491,-0.039556,0.030117,-0.248131,-0.085463,0.144325,-0.061951,-0.083956,-0.056727,0.415682,0.263800,-0.303088,0.219166,-0.128099,0.193976,0.469311,-0.001146,-0.101943,0.243911,0.439846,-0.028862,-0.043870,-0.205146,0.037156,0.063669,-0.013837,0.111835,-0.377058,-0.009402,0.030162,-0.097073,0.148098,0.069840,-0.013834,0.038461,0.096656,-0.033539,0.370990,0.080103,-0.155051,0.030102,0.445686,0.056672,-0.006116,-0.069336,-0.340890,-0.101816,-0.146453,-0.057686,0.030614,-0.058401,,,-2.000000,,,-2.000000,-0.306909,,0.000000,-2.000000,,0.000000,-2.000000,,-2.000000,,-0.232834,0.000000,-0.490099,-0.500000,,,0.303210,,-2.000000,0.000223,,,,0.500000,0.545930,0.186467,,,,-0.337570,,,-2.000000,,0.033473
63,186,0.000000,-0.018730,-0.052554,,-1.166446,,-0.099865,-0.039146,,,,-0.012286,-0.068840,,,-0.049524,,0.008607,,,,,-0.025205,0.111382,-0.067925,0.055018,-0.124727,,,,0.128969,0.369745,-0.004274,,,,,-0.006720,-0.229280,,,0.072396,,0.063772,,0.173729,-0.042312,-0.042153,,,-0.076654,,,0.060886,,,,0.138976,0.035997,,,,0.243181,-0.219421,-0.070588,,0.134415,-0.047622,-0.257379,,,-2.000000,,,-2.000000,-0.204249,,0.000000,-2.000000,,0.003702,-2.000000,,-2.000000,,-0.006348,0.000000,-0.635307,-0.500000,,,0.231290,,-2.000000,0.000000,,,,-0.500000,0.219307,0.122718,,,,-0.318643,,,-2.000000,,-0.009463
64,187,0.000000,,,,,,0.012937,,-0.361906,-0.247863,0.180827,,-0.228803,0.159995,,0.092385,-0.428148,,-0.020387,0.161910,-0.152934,0.204184,-0.075426,-0.356584,3.790750,,1.136416,0.088872,2.223532,,-0.207663,,,,1.277188,0.021662,-0.273111,,0.051455,0.910758,-0.251860,-0.333592,0.125677,,-0.060116,,0.378071,0.523320,0.298641,2.628808,0.110688,0.247326,-0.101304,-0.365675,-0.029875,4.136975,0.168321,,-0.321908,,-0.393570,-0.300460,,,0.449373,-0.058047,,-0.033670,,,,0.000000,,,0.000000,1.075598,,,0.000000,,0.000000,,,0.000000,,-1.664492,0.000000,-0.356721,0.500000,,,-1.117535,,,0.022811,,,,0.500000,-0.306072,0.476934,,,,1.266600,,,0.000000,,0.013825
65,191,0.000000,-0.190674,0.000207,-0.078792,-0.122001,0.933722,0.330089,-0.417764,0.584053,-0.147396,,-0.021748,0.237067,0.239959,-0.499019,-0.039259,-0.071885,-0.030046,-0.081897,0.175217,0.551598,-0.312044,-0.499659,-0.271006,-0.025055,1.305390,-0.110182,-0.163694,0.064045,-0.164809,-0.274511,0.142868,-0.748160,-0.223472,-0.082753,0.121456,-0.220124,-0.076069,0.209410,-0.002708,0.705359,-1.124831,0.169200,0.079322,-0.016693,0.443414,-0.008585,-0.004578,-0.098274,0.735054,-1.394696,0.166386,-0.295335,-0.578712,0.141065,0.242396,-0.031775,0.760235,0.276083,0.250261,0.058229,0.812414,0.446596,0.469171,-0.124536,-0.042359,1.437213,-0.018161,0.276071,,,-2.000000,,,-2.000000,0.000000,,-2.000000,-2.000000,,0.003556,-2.000000,,-2.000000,,0.182825,0.000000,-0.304272,-0.500000,,,0.246212,,-2.000000,0.000000,,,,0.000000,0.283533,0.656610,,,,-0.453118,,,-2.000000,,-0.006397
66,195,0.000000,0.208579,0.000408,0.074612,2.108018,-0.018420,0.078033,,-0.218108,0.349985,0.564183,,-0.096192,0.009249,-0.156714,-0.030432,-0.240906,0.005193,-0.197697,-0.009314,-0.146498,0.280673,0.238389,-0.019791,0.783044,-0.059566,0.276364,0.851627,0.275359,0.240627,0.015000,,0.491800,-0.139425,1.336532,-0.035276,-0.110557,-0.087146,0.482850,-0.005078,0.045904,-0.310851,-0.179813,,0.035234,-0.209266,0.061948,-0.019388,0.080287,0.144741,0.044131,-0.165227,0.918893,-0.328378,-0.067806,0.523602,0.015474,-0.079700,-0.157324,0.472648,-0.252646,-0.200253,,-0.060377,-0.014519,-0.101024,,-0.182854,-0.134564,,,0.000000,,,0.000000,-0.151321,,0.000000,0.000000,,0.000000,0.000000,,-2.000000,,-0.215107,0.006781,0.146796,0.000000,,,-0.276644,,-2.000000,0.000000,,,,0.000000,0.260085,0.163944,,,,-0.203594,,,0.000000,,-0.012920
67,198,0.000000,0.059584,-0.001994,0.028182,0.258887,-0.111021,0.327627,,0.155535,-0.163857,,,-0.017293,0.034985,0.038083,0.223459,0.388939,,0.646484,-0.027245,0.258038,-0.110209,-0.250760,-0.024950,0.319616,,0.269063,-0.232938,-0.033659,-0.126313,-0.045582,,0.020689,,0.568989,-1.131137,0.270110,,0.049352,-21.660020,-0.251860,-0.282791,0.186028,,0.200584,,-1.362969,-1.577375,-0.006356,0.064289,0.141670,0.232794,-0.194814,-0.299836,0.214606,0.181173,4.993739,,0.104610,0.128143,0.297889,0.091580,,,0.165656,0.082882,,-0.771940,0.208051,,,0.000000,,,0.000000,0.212430,,0.000000,0.000000,,0.000000,0.000000,,0.000000,,-1.461466,0.000000,0.230036,0.500000,,,-1.510225,,0.000000,0.009693,,,,0.500000,-0.995129,-1.114994,,,,0.396072,,,0.000000,,0.031539
68,199,0.000000,0.836683,0.028282,-0.078199,-0.465223,0.128054,-0.114730,0.525052,0.457533,0.079277,0.038136,-0.072108,-0.109921,-0.078661,-0.074749,0.002777,0.493760,-0.023452,0.092231,0.058630,0.134007,0.156852,-0.023317,0.483276,-0.124047,0.041152,-0.121818,0.093455,-0.077810,0.638559,0.613039,0.721884,-0.091747,0.528654,0.083586,-0.137529,0.216602,-0.052196,-0.341260,-0.022593,-0.097107,-0.245445,-0.000837,-0.142483,-0.035294,0.083624,-0.051363,-0.468836,-0.103005,-0.151763,-0.062038,0.174990,0.093282,-0.253805,-0.026774,-0.190926,0.030232,-0.071145,0.345486,-0.172668,0.480152,0.403290,0.305263,-0.236428,-0.111389,-0.127479,0.026073,-0.280510,0.476579,,,-2.000000,,,-2.000000,-0.280566,,0.000000,-2.000000,,0.003465,-2.000000,,-2.000000,,-0.043719,0.000000,0.449795,-0.500000,,,-0.577213,,-2.000000,0.000000,,,,0.500000,-0.442722,-0.468072,,,,-0.280932,,,-2.000000,,0.003571
69,203,0.000000,-0.048247,-0.057349,,-45.507470,,0.406827,-0.071625,,,,-0.042720,0.124478,,,-0.020058,,0.162789,,,,,-0.003519,0.075988,0.131918,-0.117745,-0.032494,,,,-0.076968,-0.088966,-0.157109,,,,,0.285764,-0.032442,,,0.083095,,-0.026127,,-0.397249,-0.017217,0.007347,,,0.105458,,,0.179199,,,,-0.135914,0.039095,,,,-0.014818,-0.324276,-0.045432,,-0.006329,-0.204397,-0.150050,,,-2.000000,,,-2.000000,-0.176304,,-2.000000,-2.000000,,0.004009,-2.000000,,0.000000,,-0.544778,0.000000,-0.729315,-0.500000,,,-0.191259,,-2.000000,0.000000,,,,0.500000,0.317703,0.034375,,,,-0.123472,,,-2.000000,,-0.011866
70,206,0.000000,0.135393,-0.012763,,-0.140703,,,-0.264284,,,,0.014480,0.234589,,,,,-0.025447,,,,,0.024844,0.119233,2.531113,0.389736,,,,,-0.105696,0.177248,0.138863,,,,,-0.030325,0.011496,,,0.127158,,0.128595,,-0.009277,,,,,-0.429487,,,-0.072544,,,,0.171980,,,,,0.507769,0.309538,-0.092446,,0.283717,,0.712329,,,-2.000000,,,0.000000,-0.375622,,0.000000,-2.000000,,0.000000,-2.000000,,-2.000000,,0.070701,0.007631,-0.143772,-0.500000,,,-0.145081,,-2.000000,0.000000,,,,-0.500000,0.174724,0.034880,,,,-0.500546,,,0.000000,,0.002832
71,214,0.000000,-0.154901,-0.012609,-0.042391,-0.062199,0.404879,0.091556,-0.416978,0.449956,-0.021100,,-0.043473,0.424131,0.064485,-0.414179,-0.028603,-0.036243,-0.023825,-0.208953,0.127283,0.221145,-0.251374,-0.430515,-0.082698,0.424843,0.899986,-0.314909,-0.297598,-0.093060,-0.445139,-0.215372,0.455833,-0.641385,-0.224528,-0.251603,0.613200,-0.268672,-0.064339,-0.114332,0.006026,0.604048,-0.536486,-0.050528,-0.113747,-0.006398,0.314173,-0.100392,-0.096629,-0.075299,0.156959,-0.967351,-0.081497,-0.200923,-0.393760,0.662723,-0.025414,-0.030674,0.207230,0.371030,-0.086475,0.094337,0.633777,0.722314,0.003543,-0.094486,0.186554,0.953439,-0.061228,0.121905,,,-2.000000,,,-2.000000,-0.344780,,-2.000000,-2.000000,,0.000000,-2.000000,,-2.000000,,-0.256590,0.000000,-0.586478,-0.500000,,,0.246134,,-2.000000,0.001379,,,,0.000000,0.156607,0.156803,,,,-0.419623,,,-2.000000,,-0.002763
72,215,0.000000,0.044070,0.000339,0.019121,4.483682,0.035604,-0.312216,,-0.102119,0.429751,0.062916,,-0.267706,-0.083876,0.476385,,-0.045785,,0.418191,0.019660,-0.125701,0.341991,0.151076,-0.052856,0.627512,,0.360000,0.101295,0.001942,0.078067,0.811402,,0.447957,,0.746546,0.070691,1.553827,,0.050310,3.300681,-0.251860,-0.133967,0.697597,,-0.023125,,-0.437055,-0.266460,0.182760,0.529792,0.102631,0.329385,0.498941,-0.103890,-0.041967,0.200041,4.365452,,-0.157347,0.208296,-0.150587,-0.151785,,,0.423817,-0.094696,,,0.823461,,,0.000000,,,0.000000,0.117924,,0.000000,0.000000,,0.000000,0.000000,,0.000000,,-0.071696,0.000000,-0.559931,0.500000,,,-0.226965,,0.000000,0.015043,,,,0.000000,0.877587,0.674067,,,,0.353531,,,0.000000,,-0.024193
73,216,0.000000,0.017256,0.008075,-1.080395,0.381382,-0.064438,0.061808,0.299887,-0.538262,,,0.427892,-0.303903,-0.105088,-0.153951,0.018368,-0.718042,,-0.190426,0.006249,-0.171972,-0.748857,0.162937,-0.290512,0.221334,,0.598909,,0.317449,0.595647,0.439685,-0.216252,0.563773,,-0.491899,-0.024186,,,0.013262,,,-0.179377,0.130850,1.152399,0.005351,,0.124447,0.128558,0.237471,0.276635,0.171731,-0.149070,0.807504,-0.149163,,0.091486,,,-0.365164,-0.068810,-0.632413,-0.433243,-0.192402,,1.785341,0.219617,0.060085,0.192851,-0.259795,,,0.000000,,,0.000000,-0.152698,,0.000000,0.000000,,0.000000,0.000000,,0.000000,,-0.898411,0.000000,-0.589811,0.000000,,,-0.213733,,0.000000,0.001895,,,,0.500000,0.382152,0.239283,,,,-0.056055,,,0.000000,,0.014519
74,217,0.000000,0.102731,0.179974,1.788313,0.421937,0.080522,-0.289377,,-0.567982,,0.505569,,0.100355,-0.060526,-0.141983,0.900665,-0.838120,,-0.037959,0.014801,-0.045965,0.449900,-0.514211,-0.304321,0.170697,,0.202545,-0.344504,0.178123,0.537263,-0.249879,,-0.988538,,-0.166026,-0.253222,,,-0.171240,,-0.251860,0.309066,-0.134906,,-0.017326,,,,0.312606,-0.350029,0.255962,-0.029654,-0.192470,0.735569,2.138255,-0.269612,,,-0.254028,-0.057986,-0.464453,-0.340182,,,0.711389,0.602757,,-0.085719,,,,-2.000000,,,0.000000,0.687073,,0.000000,0.000000,,0.000000,0.000000,,-2.000000,,-0.052251,0.000000,1.817330,0.500000,,,-0.629050,,0.000000,0.012417,,,,0.000000,-1.097005,-0.855372,,,,0.596898,,,0.000000,,0.055862
75,219,0.000000,0.355259,-0.014111,0.099796,0.053064,-0.022515,0.140917,0.221384,0.097333,0.268675,,-0.072108,-0.132202,0.021126,-0.101077,-0.073168,-0.013020,-0.029280,-0.154397,0.508905,-0.056867,0.056594,0.167517,0.202594,0.568548,0.110907,-0.018338,-0.257997,0.626892,-0.008920,0.298278,-0.026165,0.066517,-0.029361,1.759294,-0.084452,-0.048608,-0.057057,3.734819,-0.010232,0.062435,-0.273732,0.144033,-0.140518,-0.050692,0.081366,-0.006494,0.048450,-0.103044,0.049859,-0.135568,0.372806,0.286049,-0.278982,0.235191,0.538762,-0.010345,0.129142,-0.010126,0.370087,0.082984,0.182899,0.145827,0.007190,-0.129854,-0.152478,0.039427,0.061712,-0.051734,,,-2.000000,,,-2.000000,-0.225722,,0.000000,-2.000000,,0.000000,-2.000000,,-2.000000,,-0.326240,0.000000,0.127480,0.000000,,,0.237426,,-2.000000,0.000057,,,,0.500000,-0.195123,-0.211471,,,,-0.261113,,,-2.000000,,-0.032329
76,223,0.000000,0.543234,0.220002,0.115053,0.611099,0.105114,0.384814,,-0.159578,0.214571,0.409183,,-0.117376,0.057407,0.381456,0.665985,-0.063110,8.687151,-0.045561,0.019962,-0.120227,0.239602,1.470774,0.061631,1.598814,-0.207593,0.573091,0.136278,0.582129,0.133114,0.153973,,0.332565,,-0.127838,0.692824,0.132907,4.078052,0.513387,4.234155,-0.244811,-0.069746,0.073902,,-0.067228,,-1.313142,-1.174254,0.541728,2.120707,0.200169,-0.026797,0.645599,0.029995,-0.037885,0.626081,0.590863,,-0.074547,0.594418,-0.125176,-0.170748,,,1.067230,0.356460,,-0.640977,,,,0.000000,,,0.000000,0.587598,,0.000000,0.000000,,0.005080,0.000000,,0.000000,,0.858752,0.000000,0.854324,0.500000,,,-0.541234,,0.000000,0.000000,,,,0.500000,-0.309924,-0.520552,,,,0.902705,,,0.000000,,0.064308
77,224,0.000000,0.002305,-0.019573,-0.078464,0.005766,0.193783,0.126221,-0.035842,0.548388,0.136167,,-0.072108,0.356087,0.366791,0.270364,0.106005,0.435404,0.048363,-0.165154,0.107091,0.128882,-0.175825,0.249889,0.806240,-0.702573,0.151308,-0.264000,-0.300985,-0.035316,0.049754,0.087349,1.001782,0.575301,-0.144545,-0.765576,7.921076,-0.138497,-0.080584,-0.347144,0.199071,0.382160,-0.808279,-0.047305,-0.194318,-0.032717,0.228573,,-0.090335,0.132864,-0.055953,-0.178156,-0.038461,0.228281,-0.735460,0.660609,-0.027718,-0.025734,0.119403,0.179353,-0.044992,0.507122,0.562110,0.844410,0.102478,0.485616,2.188086,0.108631,-0.235111,0.088336,,,-2.000000,,,-2.000000,-0.374057,,-2.000000,-2.000000,,0.000000,-2.000000,,-2.000000,,-0.215092,0.005801,-0.488294,-0.500000,,,-0.325006,,-2.000000,0.000000,,,,-0.500000,-0.104695,-0.227855,,,,-0.473122,,,-2.000000,,0.004980
78,225,0.000000,-0.001779,0.002281,-0.087778,-0.539586,0.010981,-0.107959,,-0.140908,0.161255,0.040778,,-0.300652,-0.027889,0.122551,0.118747,-0.175525,-0.002728,-0.071640,-0.057712,-0.107606,0.146174,1.062632,-0.026765,0.140395,0.019218,0.139273,0.264946,0.013430,0.271405,1.911088,,0.335556,,0.126038,-0.753743,0.038952,-0.035608,-0.767124,-0.065271,0.437350,-0.169290,-0.023794,,-0.075518,,0.370057,0.345106,0.182158,0.045439,-0.038917,-0.162355,0.355704,-0.173853,-0.042767,0.006273,-0.027286,1.527738,-0.089960,-0.076022,-0.235946,-0.169192,,0.635262,0.162411,0.000180,,0.654552,0.741473,,,-2.000000,,,-2.000000,0.000000,,-2.000000,-2.000000,,0.000000,0.000000,,-2.000000,,0.795787,0.006707,0.204394,-0.500000,,,1.344337,,-2.000000,0.000000,,,,0.000000,1.895449,1.381096,,,,-0.338902,,,0.000000,,0.032710
79,229,0.000000,0.207481,0.056194,0.207667,1.373429,0.117344,-0.057539,,-0.169554,0.471001,0.354648,,-0.225028,0.005940,0.560227,0.050190,-0.135101,0.193229,-0.071144,0.176338,-0.142664,0.344278,0.989524,-0.096557,0.160424,-0.130483,0.485791,0.110351,0.292219,0.297268,0.292793,,0.559477,0.231678,0.305531,0.622832,0.292921,0.054819,0.091958,5.295248,-0.068328,-0.135699,0.258044,,-0.021511,-0.101235,-1.150603,-0.819592,0.885102,1.271020,0.118885,0.187246,0.655514,-0.101289,-0.043004,0.396885,0.616807,-0.023624,-0.157255,0.389277,-0.183461,-0.176988,,0.079765,0.924920,0.163018,,-1.014263,0.142294,,,0.000000,,,0.000000,0.627476,,0.000000,0.000000,,0.000000,0.000000,,0.000000,,-0.473272,0.000000,-0.070364,0.500000,,,-0.680045,,0.000000,0.004103,,,,0.500000,-0.106000,-0.607294,,,,0.750131,,,0.000000,,-0.013826
80,231,0.000000,-0.325592,0.226510,-0.857839,0.512410,0.036665,0.214563,,-0.469788,,0.322158,,-0.259453,-0.039018,-2.234701,-0.071056,-0.586066,0.284467,-0.195457,0.167424,-0.175520,-0.265329,,-0.574124,1.292693,-0.109347,1.221039,,1.554121,-1.245987,,,,,-0.542717,0.220029,,0.249417,0.009851,0.590456,-0.082638,-0.192116,-0.280851,,-0.012636,,0.418400,0.523580,0.588299,1.750684,0.096605,-0.032914,,-0.180942,,2.502226,-0.130525,-0.126450,-0.424636,1.579557,-0.406272,-0.307017,,-0.197401,0.434382,-0.085614,,0.408187,,,,0.000000,,,0.000000,0.333215,,0.000000,0.000000,,0.000000,0.000000,,0.000000,,-1.189939,0.000000,-0.421247,0.500000,,,-0.562068,,0.000000,0.007515,,,,0.500000,-0.387543,-0.497087,,,,1.104555,,,0.000000,,-0.069691
81,232,0.000000,0.043504,-0.021135,,0.216884,,0.113332,0.182526,,,,0.077892,-0.179400,,,-0.040638,,0.192344,,,,,-0.070868,-0.115975,-0.086649,-0.763758,0.068000,,,,0.098552,-0.215253,0.230884,,,,,-0.063520,0.051357,,,-0.442817,,0.215238,,0.567519,-0.106837,-0.077626,,,0.786433,,,1.191106,,,,-0.061688,-0.195649,,,,-0.190625,-0.345443,1.223313,,-0.078750,-0.352378,-0.165380,,,-2.000000,,,0.000000,0.050986,,0.000000,-2.000000,,0.004233,-2.000000,,-2.000000,,-0.559507,0.000000,-0.661269,0.000000,,,-0.059431,,0.000000,0.000000,,,,0.500000,0.359730,-0.016980,,,,0.100036,,,0.000000,,-0.001814
82,235,0.000000,0.383939,0.036003,0.176806,-0.016285,0.622671,0.393412,0.510901,0.887622,0.144596,-0.132778,-0.072108,0.021997,0.727235,0.185651,0.184750,0.695485,-0.030298,0.105274,0.131601,0.236361,-0.111504,1.096395,0.698445,-0.551908,0.220336,-0.051922,-0.289846,0.255277,0.186814,0.376492,-0.068598,0.491734,0.360774,0.673161,-0.021811,0.327333,0.021157,0.019530,-0.003942,-0.019818,0.474642,0.157244,-0.123736,0.087657,0.189317,0.014496,-0.018022,-0.102348,0.847316,-0.250919,0.374134,0.048041,0.323036,0.490898,0.132842,-0.000344,0.201814,0.402346,0.093830,0.628453,0.733614,0.070325,0.282429,-0.133508,-0.152750,-0.078717,0.251210,0.378480,,,-2.000000,,,-2.000000,-0.198532,,-2.000000,-2.000000,,0.001909,-2.000000,,-2.000000,,-0.269003,0.000000,-0.128194,-0.500000,,,-0.004261,,-2.000000,0.000000,,,,0.500000,0.427440,0.087571,,,,-0.512204,,,-2.000000,,0.004275
83,239,0.000000,0.008382,-0.040307,-0.081489,0.094122,0.004202,0.224759,0.476226,-0.084920,0.194865,,0.009432,-0.249783,0.102469,0.042359,-0.039294,-0.086442,-0.029219,0.071762,0.105859,-0.095335,0.092239,0.034970,-0.075071,-0.100345,-0.022199,-0.067896,-0.175140,-0.141678,0.293645,0.533361,0.008592,0.066918,,0.010694,-0.028725,0.334835,0.015496,-0.118122,-0.004088,-0.016729,-0.098626,0.079002,0.033201,0.210950,,-0.013912,-0.005242,-0.090527,-0.047406,0.004741,0.265368,0.196503,-0.089224,0.076568,-0.116176,0.001276,0.198931,-0.145916,-0.199465,-0.109146,-0.089024,-0.073985,0.315233,-0.125530,-0.170835,0.016354,-0.040999,-0.137348,,,-2.000000,,,-2.000000,-0.358935,,0.000000,-2.000000,,0.001538,-2.000000,,0.000000,,-0.294936,0.000000,-0.223238,0.000000,,,0.078555,,0.000000,0.000000,,,,0.500000,0.271099,0.186586,,,,-0.448377,,,-2.000000,,0.014527
84,240,0.000000,0.087977,0.089633,0.461805,0.353829,0.052063,0.031232,,-0.282450,0.281870,0.139017,,-0.257352,0.066582,0.425404,-0.025985,-0.311249,,0.023534,-0.029112,-0.159286,-0.105832,0.151620,-0.283466,0.543423,,0.704676,0.464890,0.316510,0.439485,0.030359,,0.057501,,0.135258,0.145391,0.342686,,0.205759,,-0.251860,-0.180488,-0.121337,,0.154722,,0.486785,0.456453,0.510056,0.593078,0.106688,-0.074544,0.319600,-0.164271,-0.042767,0.398706,,,-0.341207,0.616139,-0.331696,-0.262280,,,0.571670,-0.076241,,0.777123,0.645057,,,0.000000,,,0.000000,-0.175901,,0.000000,-2.000000,,0.003214,0.000000,,0.000000,,-0.048826,0.000000,0.050408,0.000000,,,0.529003,,0.000000,0.000000,,,,0.500000,1.098418,0.776466,,,,-0.271696,,,0.000000,,-0.018114
85,241,0.000000,0.884190,0.455720,0.155874,-0.009907,0.559980,,,0.904419,-0.042312,,,0.241627,,0.565773,,0.248718,-0.031280,-0.020956,-0.021431,0.483758,-0.158049,,0.775925,,0.778042,,-0.002811,0.455762,-0.061261,0.100666,,1.391042,-0.063354,0.017821,-0.125376,-0.071580,-0.038328,0.582748,-0.005953,0.295457,0.193353,-0.152180,,,0.329410,,,-0.102368,0.418550,-0.838807,-0.081963,-0.093578,-0.047247,0.020949,0.376830,-0.027391,0.475901,,0.414065,0.305214,0.904889,,0.441653,-0.138596,-0.138346,,,,,,-2.000000,,,-2.000000,0.004446,,0.000000,-2.000000,,0.000000,-2.000000,,-2.000000,,0.223621,0.005911,-0.188406,0.500000,,,0.173847,,0.000000,0.000000,,,,0.000000,-0.330590,-0.174646,,,,0.216942,,,-2.000000,,0.024094
86,242,0.000000,0.048395,0.047183,0.124672,0.435015,0.068467,0.635010,,-0.201942,0.022604,,,-0.094994,-0.094058,,0.043647,-0.154676,,0.028956,0.106553,-0.106460,0.227711,0.195757,-0.187314,1.254976,,1.006935,-0.300447,-0.071387,,-0.111321,,,,0.858678,0.240445,0.057272,,0.267201,,-0.251860,-0.093158,0.202972,,-0.020773,,-0.951278,-0.757264,0.998758,1.368740,0.174748,0.211713,0.063945,-0.019954,0.381530,1.274069,,,-0.234192,1.130287,-0.165654,-0.183250,,,0.839097,0.233342,,-1.037882,-0.001133,,,-2.000000,,,-2.000000,0.383915,,0.000000,-2.000000,,0.000000,0.000000,,-2.000000,,-1.536861,0.000000,1.041887,0.500000,,,-1.634318,,0.000000,0.011008,,,,0.500000,-0.918790,-1.122701,,,,0.699541,,,0.000000,,-0.031134
87,244,0.000000,0.073697,0.021113,0.275769,-0.017127,0.313070,-0.032871,,0.047269,0.539606,,,-0.186935,-0.022489,0.046730,-0.001481,-0.099754,-0.018849,-0.217561,0.597141,-0.104888,0.033149,0.815986,-0.186278,2.424674,0.263865,0.531169,-0.111686,0.639438,0.105669,-0.009092,,0.508467,-0.129491,1.811196,0.054861,-0.091762,-0.083386,0.809460,-0.000295,1.025365,-0.594407,0.802237,,-0.041683,0.415514,0.091781,0.121867,0.013669,2.763862,-0.296804,0.192288,0.034443,-0.517624,0.042027,1.263090,-0.027021,0.824536,-0.225945,1.205169,-0.231994,-0.095994,,0.547382,0.000355,0.038195,,-0.112246,-0.115559,,,0.000000,,,0.000000,0.170741,,0.000000,0.000000,,0.003348,0.000000,,-2.000000,,-0.012526,0.000000,-0.042777,0.000000,,,-0.133116,,0.000000,0.000000,,,,0.500000,0.333142,0.278628,,,,-0.197336,,,0.000000,,0.009036
88,248,0.000000,0.097029,0.189399,-11.276253,0.345562,-0.009005,0.238308,,-0.429464,,0.368736,,-0.121743,-0.034879,1.947918,-0.001710,-0.539739,10.212389,-0.161907,0.095902,-0.147421,0.287301,-0.151595,-0.077453,0.683833,-0.202289,0.415636,,0.142910,-0.231510,0.019967,,,,0.133201,-0.067083,,-0.894002,0.173984,-5.118428,,-0.292161,0.155093,,0.094127,,0.137434,0.173340,0.431533,0.076927,0.194577,-0.044543,0.820871,-0.317581,,0.266642,-2.839835,-0.164530,-0.321765,0.263937,-0.473936,-0.347702,,-0.364588,0.974653,0.329594,,0.171421,,,,-2.000000,,,-2.000000,0.497882,,0.000000,-2.000000,,0.000000,0.000000,,-2.000000,,-0.974112,0.016184,0.031784,0.500000,,,-0.140440,,0.000000,0.000000,,,,0.500000,-0.514114,0.038864,,,,0.584827,,,0.000000,,0.008453
89,249,0.000000,0.362192,0.529074,0.277479,-0.277733,0.043009,-0.156150,,-0.069958,0.645841,0.196867,,-0.264581,-0.057025,,-0.033119,-0.018195,0.058727,0.182639,0.029107,-0.133183,0.372366,0.234101,-0.054587,0.378238,-0.093346,0.633635,,-0.089788,,0.754718,,,1.248091,0.412665,-0.108818,1.287565,0.187491,0.071436,-0.074187,-0.198290,-0.152270,0.235088,,-0.079386,-0.232063,0.064532,0.183270,0.002216,0.299709,0.079739,0.176697,0.604449,-0.133759,,0.401244,0.095248,-0.118620,-0.103953,0.442736,-0.120816,-0.124424,,-0.208037,0.131217,-0.126504,,-0.053575,,,,0.000000,,,0.000000,0.002336,,0.000000,0.000000,,0.000000,0.000000,,0.000000,,-0.397523,0.006366,-0.606782,0.500000,,,-0.470959,,0.000000,0.000000,,,,0.000000,-0.123110,-0.308079,,,,-0.193134,,,0.000000,,-0.002958
90,252,0.000000,0.106855,0.317498,0.177974,0.396691,0.133481,0.379617,,-0.275935,0.416063,0.932893,,-0.253135,0.041539,0.126808,0.106087,-0.299285,19.832348,-0.061337,0.262831,-0.162508,0.517658,-0.148448,-0.316832,3.533064,-0.122517,1.143739,-0.065187,0.838129,-0.016396,-0.082155,,0.365520,0.243816,2.837755,0.168022,0.273326,10.599286,0.927090,4.864905,-0.250637,-0.211524,0.006278,,0.005336,-0.517145,-1.240464,-0.702989,0.362166,2.346828,0.110488,0.337075,0.193818,-0.203901,-0.037371,0.896404,1.245578,-0.166815,-0.306304,1.052895,-0.297681,-0.243026,,-0.374349,0.571596,-0.058206,,-0.410738,,,,0.000000,,,0.000000,0.536221,,0.000000,0.000000,,0.000000,0.000000,,0.000000,,-2.027070,0.000000,-1.430282,0.500000,,,-1.586178,,0.000000,0.023645,,,,0.500000,-0.638729,-1.176866,,,,1.132185,,,0.000000,,0.042503
91,255,0.000000,0.065313,-0.020019,-0.044466,-0.213833,-0.000003,0.041068,,0.001022,0.029669,-0.115288,-0.044330,,-0.103541,0.062792,-0.072981,0.028303,-0.020211,0.520479,-0.024114,-0.021285,0.430663,0.357249,0.005037,0.075445,-0.035734,0.016727,0.037940,-0.147495,0.060459,,-0.123068,0.121915,,0.312659,-0.024363,0.718207,-0.021546,-0.010255,-0.002854,-0.060062,-0.191856,0.282953,0.006041,0.046595,,0.005820,0.009689,-0.088661,-0.002509,0.019008,0.187204,0.035238,-0.191620,-0.042620,-0.081777,0.014074,,-0.094634,-0.174852,-0.072898,-0.066976,-0.026596,0.287984,-0.056602,-0.147695,0.014146,-0.114292,,,,-2.000000,,,-2.000000,-0.038843,,-2.000000,-2.000000,,0.003093,-2.000000,,-2.000000,,-0.336253,0.000000,-0.502920,0.000000,,,0.047396,,-2.000000,0.000000,,,,0.500000,0.405353,-0.078631,,,,-0.385700,,,-2.000000,,0.017612
92,257,0.000000,-0.305658,,,,0.092826,0.109500,,-0.477915,,3.270174,,-0.133617,0.042936,,0.001952,-0.599833,3.440192,-0.221087,0.073612,-0.169342,-0.134576,-4.344567,-0.738115,2.963360,-0.114771,1.278184,-0.179431,4.248843,,,,,,14.536592,0.169361,,1.753916,0.832611,26.280340,,-0.226543,-0.202149,,-0.014539,,0.013277,0.104189,0.739391,1.893925,0.102323,-0.130562,,-0.224536,0.126161,4.176597,-5.723183,,-0.356957,,-0.504334,-0.367216,,,0.124649,-0.093023,,-0.161441,,,,0.000000,,,0.000000,1.217279,,,0.000000,,0.000000,0.000000,,0.000000,,-1.757150,0.000000,-0.055965,0.500000,,,-1.409998,,0.000000,0.030651,,,,0.500000,-0.666631,-0.843540,,,,1.011992,,,0.000000,,0.004899
93,259,0.000000,0.698368,0.475847,0.482247,-0.253415,0.563431,0.223241,,0.452944,0.653609,,,-0.050895,1.124529,0.987157,0.209520,0.465360,-0.030049,-0.010851,0.568242,-0.028113,0.112711,,0.188547,0.681664,0.073860,0.536752,,1.372605,0.337290,-0.008157,,,,0.876304,-0.223375,0.683584,-0.088191,4.003946,-0.011243,-0.092501,-0.437535,0.180357,,-0.003300,,-0.065818,-0.030477,-0.094115,2.441725,-0.096516,0.995446,0.025932,-0.436395,,1.215614,-0.002374,0.120096,0.317174,0.642356,0.556020,0.495902,,0.346107,-0.130884,-0.163605,,0.091064,,,,-2.000000,,,-2.000000,-0.161071,,-2.000000,-2.000000,,0.000000,-2.000000,,-2.000000,,0.707610,0.000000,-0.501256,0.000000,,,0.321791,,0.000000,0.000638,,,,-0.500000,0.824411,0.370049,,,,-0.367276,,,-2.000000,,0.000786
94,261,0.000000,0.144972,-0.037327,0.757839,-0.107205,-0.006860,-0.330543,-0.031900,-0.204955,-0.227611,-0.043815,-0.072108,0.069426,0.015402,0.035454,,-0.217805,0.077997,0.012292,0.084241,0.027392,-0.150420,0.025567,0.050729,-0.036942,-0.085930,0.160000,0.297577,0.031133,0.674815,-0.063737,-0.077454,-0.294857,-0.251573,-0.362307,1.936003,-0.237485,-0.122036,-0.071448,0.291801,0.076316,-0.502893,-0.024908,-0.060054,-0.036019,-0.146942,0.108091,-0.065736,0.383120,0.237137,0.071922,0.145772,-0.021323,-0.560689,-0.029131,-0.180981,-0.024118,-0.044909,0.004075,-0.098088,-0.023030,-0.051989,-0.087493,0.004885,0.307928,0.356322,-0.045516,,0.064382,,,-2.000000,,,0.000000,-0.131911,,-2.000000,-2.000000,,0.000000,-2.000000,,-2.000000,,1.379279,0.000000,0.955089,0.000000,,,1.372004,,-2.000000,0.000580,,,,-0.500000,1.719723,1.697298,,,,-0.202527,,,0.000000,,0.016939
95,262,0.000000,0.001129,0.002301,0.065481,0.363200,0.022776,0.039912,0.372189,-0.193502,-0.169987,,0.335455,-0.240028,-0.043831,-0.043032,-0.031800,-0.176433,4.028492,0.734020,-0.070878,-0.023559,-0.322897,0.157394,-0.185927,0.395364,-0.125191,0.362182,,-0.051724,-0.152654,0.194935,-0.250180,0.556215,,-0.186978,0.287438,0.309521,8.014662,0.064752,3.053531,-0.247248,-0.053889,0.018717,0.746106,-0.047150,,0.138424,0.205551,0.026382,0.260844,0.113307,-0.000707,-0.123693,0.004395,,0.276540,0.818050,,-0.244000,0.284209,-0.221137,-0.196819,-0.252773,,0.343700,-0.041984,-0.133324,0.125277,-0.184470,,,-2.000000,,,-2.000000,0.096366,,0.000000,-2.000000,,0.002035,0.000000,,0.000000,,0.311364,0.000000,0.276198,0.000000,,,0.238179,,0.000000,0.000000,,,,0.000000,0.409004,0.478870,,,,0.037249,,,-2.000000,,-0.001089
96,264,0.000000,-0.269631,0.024570,,-0.524769,,-0.231170,-0.442318,,,,-0.241753,0.051101,,,0.874005,,,,,,,-0.495623,-0.321862,0.032349,,,,,,-0.260341,0.045945,,,,,,,-0.061524,,,-0.244712,,,,,0.091482,0.196432,,,0.092556,,,-0.248414,,,,,-0.234578,,,,0.145313,,-0.112986,,1.339263,0.000000,0.320957,,,-2.000000,,,-2.000000,-0.259918,,0.000000,-2.000000,,0.000000,-2.000000,,-2.000000,,0.336161,0.005190,1.070302,-0.500000,,,0.369578,,-2.000000,0.000000,,,,-0.500000,-0.089823,-0.370206,,,,-0.317583,,,-2.000000,,-0.007353
97,265,0.000000,0.051167,-0.010012,0.042938,1.003749,0.084567,-0.113193,0.575741,-0.144859,0.024668,-0.135965,0.077891,-0.269851,-0.106419,0.020141,-0.084531,-0.149592,0.003162,-0.058121,-0.044329,-0.082226,-0.229388,0.170576,-0.149166,0.475811,-0.050291,0.155273,-0.076994,-0.086428,-0.055070,0.498033,-0.204410,0.337892,0.313839,0.114713,0.013766,-0.054584,0.051957,0.169206,0.012813,0.017799,-0.061597,-0.061556,0.255240,-0.104666,0.164856,0.044872,0.053645,-0.090136,0.244455,0.034354,-0.137253,0.015248,-0.040071,0.060490,0.242007,0.004416,0.186945,-0.258102,0.281270,-0.192885,-0.156313,-0.171331,-0.079593,-0.034019,-0.096939,-0.043410,-0.035716,-0.077181,,,-2.000000,,,-2.000000,-0.036262,,0.000000,-2.000000,,0.000000,0.000000,,-2.000000,,0.063710,0.006533,0.320156,-0.500000,,,0.050884,,0.000000,0.000000,,,,0.500000,-0.170101,-0.077426,,,,-0.072132,,,0.000000,,-0.025920
98,266,0.000000,0.630498,0.096418,0.307410,0.326016,0.388704,-0.340887,0.839185,0.623322,0.460196,-0.110342,0.004815,0.000946,-0.099725,,,1.139070,1.506151,0.261633,0.132511,0.021731,0.056699,2.451154,0.836258,0.365522,-0.156282,0.129818,0.260934,0.317790,,0.513798,-0.210735,,1.074023,0.532283,0.477645,1.197781,1.929367,-0.004247,1.913583,-0.246631,0.037367,0.260665,,-0.009082,-0.493287,-1.760273,-1.493755,0.205751,1.204149,0.146080,0.602767,0.515796,0.149577,-0.037419,0.414662,1.763275,-0.163826,0.590177,0.346571,0.862837,0.407337,-0.182586,-0.360377,0.322837,0.127272,-0.152159,,0.507761,,,-2.000000,,,0.000000,0.015849,,0.000000,0.000000,,0.003420,0.000000,,-2.000000,,-0.657289,0.000000,0.849655,0.500000,,,-0.538110,,0.000000,0.000000,,,,-0.500000,-0.544219,-0.894121,,,,0.627318,,,0.000000,,0.041847
99,268,0.000000,0.040821,0.067126,0.039687,-0.140719,-0.054417,-0.413709,,-0.133935,0.147244,-0.131757,,0.126068,-0.038462,-0.137642,,-0.267365,-0.032039,-0.242579,0.007254,-0.103178,-0.170504,,-0.278171,0.166227,0.359078,0.305455,,0.135916,-0.215020,-0.249977,,-0.102748,-0.290620,1.334565,-1.738927,-0.265708,-0.034238,0.123682,-0.121814,0.998919,0.029872,-0.225067,,-0.062784,0.217766,1.371201,0.797289,-0.101941,0.646174,-0.397170,-0.184517,-0.097877,-0.068126,,0.552898,-0.028841,0.250112,-0.459245,0.687033,-0.216177,-0.059162,,0.499115,-0.144800,-0.172514,,,,,,-2.000000,,,-2.000000,0.101556,,0.000000,-2.000000,,0.000000,0.000000,,-2.000000,,0.858432,0.000000,0.456337,0.500000,,,-0.231912,,0.000000,0.001075,,,,0.000000,-0.394301,-0.388632,,,,0.534490,,,0.000000,,0.007968